stop_id,stop_lat,stop_lon,VenueID,Venue,Venue Latitude,Venue Longitude,Venue Category
6196,49.031240999999994,-122.81280500000001,5d13579d2e173e0023095b25,786 All In 1 Service,49.0315322,-122.8118842,Construction & Landscaping
6196,49.031240999999994,-122.81280500000001,4c408ff5cc410f47a2cda961,Centennial Park,49.02918943672481,-122.81398525094136,Park
6196,49.031240999999994,-122.81280500000001,4b8c4948f964a52096c832e3,South Surrey Indoor Pool,49.03325253403828,-122.81519987548342,Gym / Fitness Center
6196,49.031240999999994,-122.81280500000001,4e67ebd0b9939a72b342e9a8,Southmere Village Park,49.03212446616738,-122.80892470778052,Park
6196,49.031240999999994,-122.81280500000001,50790f9be4b021c5512368b5,Peace Arch Curling Club,49.02941241098325,-122.81638119646396,Athletics & Sports
6198,49.027648,-122.80441599999999,5d13579d2e173e0023095b25,786 All In 1 Service,49.0315322,-122.8118842,Construction & Landscaping
6198,49.027648,-122.80441599999999,4c408ff5cc410f47a2cda961,Centennial Park,49.02918943672481,-122.81398525094136,Park
6198,49.027648,-122.80441599999999,4b8c4948f964a52096c832e3,South Surrey Indoor Pool,49.03325253403828,-122.81519987548342,Gym / Fitness Center
6198,49.027648,-122.80441599999999,4e67ebd0b9939a72b342e9a8,Southmere Village Park,49.03212446616738,-122.80892470778052,Park
6198,49.027648,-122.80441599999999,50790f9be4b021c5512368b5,Peace Arch Curling Club,49.02941241098325,-122.81638119646396,Athletics & Sports
6199,49.027654,-122.80721000000001,539e192a498e62c5566d9f9a,Wooden Spoon Co,49.02945468896608,-122.80212973004794,Bistro
6199,49.027654,-122.80721000000001,55c4f4be498e61e7c5690a35,Bean Around the World,49.027767,-122.801017,Café
6199,49.027654,-122.80721000000001,4d7c2dd07498a1cd0e4679fc,Black Tuna Sushi,49.02840197112425,-122.80137993977752,Japanese Restaurant
6199,49.027654,-122.80721000000001,4d770bb77484b60cac1e37d9,Buy-Low Foods,49.02829232751796,-122.80174382645107,Health Food Store
6199,49.027654,-122.80721000000001,4bb3cfe54019a593a87c38b8,TD Canada Trust,49.0309437,-122.803322,Bank
6199,49.027654,-122.80721000000001,4e8673f8d66a9b178e911653,Petro-Canada,49.027282,-122.80075,Gas Station
6199,49.027654,-122.80721000000001,4cc0d76bd363721ed48656c9,Shoppers Drug Mart,49.031462,-122.803902,Pharmacy
6199,49.027654,-122.80721000000001,4bef638496edc9b6febb4af2,Leela Thai,49.02587914313373,-122.801004,Thai Restaurant
62,49.267795,-123.16824,57a58607498e40faba10a1f6,The Only Cafe,49.26819659535481,-123.16553592681885,Café
62,49.267795,-123.16824,53fa3410498ebfcd2a2f97d2,Linh Cafe,49.26823664203513,-123.16906019476568,Breakfast Spot
62,49.267795,-123.16824,5810f05238faa94dbabd4542,Cafe Lokal,49.26817419279799,-123.16470980644225,Coffee Shop
62,49.267795,-123.16824,4ba03e6cf964a520dc6337e3,Nick Sushi,49.268447,-123.170643,Sushi Restaurant
62,49.267795,-123.16824,4aabfb4af964a520625b20e3,Darby's Public House,49.268337312773575,-123.16838263480477,Pub
62,49.267795,-123.16824,4fc03edae4b00dd50dfcafbd,Bangkok City Cafe,49.26847513644915,-123.17064552969958,Thai Restaurant
62,49.267795,-123.16824,4aa7d91ef964a520944d20e3,The Naam Restaurant,49.26830060746881,-123.16704878650626,Vegetarian / Vegan Restaurant
62,49.267795,-123.16824,4ab55ce2f964a520337420e3,Drexoll Games,49.26842373281651,-123.16992792774907,Toy / Game Store
62,49.267795,-123.16824,580a933738faca6bcaf1eba1,Olive + Ruby,49.26414759752197,-123.1693197034581,Café
62,49.267795,-123.16824,4b084723f964a520fe0723e3,Solly’s Bagelry,49.26416541796819,-123.1697919795057,Bagel Shop
62,49.267795,-123.16824,505d3c21e4b06d1d2af233e4,Dark Table,49.26832206854146,-123.16466298024143,Restaurant
62,49.267795,-123.16824,4aa9a9c7f964a520bf5420e3,Nat's New York Pizzeria,49.26402569632489,-123.16599467118901,Pizza Place
62,49.267795,-123.16824,4d702e558781b60c9c844835,Footworks Relaxology,49.26411805522571,-123.17180412451997,Spa
62,49.267795,-123.16824,4ac2bf04f964a520949a20e3,Semperviva Yoga,49.26397047829807,-123.16493628669284,Yoga Studio
62,49.267795,-123.16824,4fa03d00e4b0829ddef429d9,Guanaco Salvadoran Cuisine food truck,49.26825059811553,-123.16174864407195,Food Truck
62,49.267795,-123.16824,4ae9e104f964a5203eb721e3,Sunshine Diner,49.26404416535284,-123.16551715895503,Diner
62,49.267795,-123.16824,4b29a528f964a5200ca224e3,Dairy Queen,49.26422561133658,-123.16488750659573,Ice Cream Shop
62,49.267795,-123.16824,4fbd7c63e4b01e2931a2bc63,Tera V Burger,49.26418986856429,-123.17167403835828,Vegetarian / Vegan Restaurant
62,49.267795,-123.16824,56cb6b90cd100f3627d2a06a,Mr. Red Cafe,49.26405753644863,-123.16588631624475,Vietnamese Restaurant
62,49.267795,-123.16824,4d9e2abaa862a35dab369029,Fresh is Best,49.264116494629285,-123.17103006443725,Mexican Restaurant
62,49.267795,-123.16824,4dd1e9e51838a751964f9c00,Volunteer Park,49.27132694625529,-123.16943740335185,Park
62,49.267795,-123.16824,4b159494f964a52034af23e3,Broadway International Wine Shop,49.26405758013891,-123.16746083360289,Wine Shop
62,49.267795,-123.16824,4aceae40f964a520aad120e3,Iki Japanese Restaurant,49.26403946816144,-123.16750583181772,Japanese Restaurant
62,49.267795,-123.16824,4dc990ae52b197468f019099,Harvest Deli,49.26419901084844,-123.1715992639372,Deli / Bodega
62,49.267795,-123.16824,4cacea4a44a8224b718e3740,Starbucks,49.264429,-123.167172,Coffee Shop
62,49.267795,-123.16824,4aa7599af964a520c04c20e3,Banana Leaf,49.26425700548646,-123.17231395025166,Malay Restaurant
62,49.267795,-123.16824,4fb7ddabe4b0d5ed259e60a8,Blaq Sheep Coffee House,49.26850802191574,-123.17096531379931,Café
62,49.267795,-123.16824,4c47a337972c0f4766962421,Darby's Cold Beer and Wine,49.26818872634896,-123.16829697891644,Liquor Store
62,49.267795,-123.16824,4b74cb3af964a52063f22de3,Jolly's Indian Bistro,49.26840095849317,-123.17071819065573,Indian Restaurant
62,49.267795,-123.16824,4c00451292a6c9289cf343e2,RBC Royal Bank,49.264295071486096,-123.16805864387028,Bank
62,49.267795,-123.16824,4ad0fbd4f964a520b6db20e3,Dona Lucia Esthetics - Kitsilano,49.264132748564926,-123.1688419841772,Spa
62,49.267795,-123.16824,4cba9214f50e224ba5dcf4fb,Uncle Fatih's Pizza,49.26411495496537,-123.16775623835332,Pizza Place
62,49.267795,-123.16824,500337e5e4b0c123de4e26ed,Persia Foods,49.264153668815084,-123.16915047877919,Grocery Store
62,49.267795,-123.16824,4cafd2f41463a143a20498a9,Petro-Canada,49.263798,-123.16876,Gas Station
62,49.267795,-123.16824,5180622de4b0847cc9ade5d9,Tandoori Fusion Indian Cusine,49.26401208799172,-123.1695343805848,Indian Restaurant
62,49.267795,-123.16824,4e9a75a3d3e3697fbfda59ee,Yagger's Kitsilano Restaurant,49.26400780924734,-123.16963810838409,Pub
62,49.267795,-123.16824,4d223d44e56f6ea8e19a831d,No Pirates Allowed,49.268340242805316,-123.16730056585152,Toy / Game Store
62,49.267795,-123.16824,4c295edeed0ac9b68dc661aa,Big Johnny's Pizza House,49.268409,-123.168961,Pizza Place
62,49.267795,-123.16824,4fbc2fec00395f70f1db96a2,Royal Feet,49.268411362819116,-123.17025513978653,Spa
62,49.267795,-123.16824,4ac10f4df964a5209f9520e3,Raviolino,49.268443,-123.168728,Italian Restaurant
62,49.267795,-123.16824,4aedfc6ff964a520e2d021e3,Great West Coin Laundromat,49.26852033452453,-123.17081224936602,Laundromat
62,49.267795,-123.16824,589f753f0bc55b3d82b664df,Nusa Coffee,49.269135,-123.1661,Coffee Shop
62,49.267795,-123.16824,4b5d461cf964a5205e5829e3,Q4 Ristorante,49.268349,-123.16474078750001,Italian Restaurant
62,49.267795,-123.16824,4c7a9fa93badb1f735b45254,Tatlow Park,49.27048759460537,-123.16962282825102,Park
62,49.267795,-123.16824,4f7757cbe4b06336477e722c,Ramen House,49.26426,-123.17019,Chinese Restaurant
62,49.267795,-123.16824,4bbcdcf2a0a0c9b630e71a0f,The Source,49.26424209821181,-123.1696308391031,Electronics Store
62,49.267795,-123.16824,4ac51714f964a52060a020e3,Great Wall Mongolian BBQ Kitsilano,49.264262,-123.170326,Mongolian Restaurant
62,49.267795,-123.16824,4ab5757cf964a520c07420e3,Kitsilano Natural Foods,49.264061907146605,-123.16633109795741,Grocery Store
62,49.267795,-123.16824,4b4651f0f964a520811d26e3,Margaret Pigott Park,49.27187790141604,-123.16758489017339,Park
6200,49.028478,-122.81209199999999,4c408ff5cc410f47a2cda961,Centennial Park,49.02918943672481,-122.81398525094136,Park
6200,49.028478,-122.81209199999999,50790f9be4b021c5512368b5,Peace Arch Curling Club,49.02941241098325,-122.81638119646396,Athletics & Sports
6200,49.028478,-122.81209199999999,5d13579d2e173e0023095b25,786 All In 1 Service,49.0315322,-122.8118842,Construction & Landscaping
6200,49.028478,-122.81209199999999,4e67ebd0b9939a72b342e9a8,Southmere Village Park,49.03212446616738,-122.80892470778052,Park
6201,49.029756,-122.81211499999999,5d13579d2e173e0023095b25,786 All In 1 Service,49.0315322,-122.8118842,Construction & Landscaping
6201,49.029756,-122.81211499999999,4c408ff5cc410f47a2cda961,Centennial Park,49.02918943672481,-122.81398525094136,Park
6201,49.029756,-122.81211499999999,50790f9be4b021c5512368b5,Peace Arch Curling Club,49.02941241098325,-122.81638119646396,Athletics & Sports
6201,49.029756,-122.81211499999999,4e67ebd0b9939a72b342e9a8,Southmere Village Park,49.03212446616738,-122.80892470778052,Park
6201,49.029756,-122.81211499999999,4b8c4948f964a52096c832e3,South Surrey Indoor Pool,49.03325253403828,-122.81519987548342,Gym / Fitness Center
6202,49.031228000000006,-122.816025,50790f9be4b021c5512368b5,Peace Arch Curling Club,49.02941241098325,-122.81638119646396,Athletics & Sports
6202,49.031228000000006,-122.816025,4b8c4948f964a52096c832e3,South Surrey Indoor Pool,49.03325253403828,-122.81519987548342,Gym / Fitness Center
6202,49.031228000000006,-122.816025,4c408ff5cc410f47a2cda961,Centennial Park,49.02918943672481,-122.81398525094136,Park
6202,49.031228000000006,-122.816025,5d13579d2e173e0023095b25,786 All In 1 Service,49.0315322,-122.8118842,Construction & Landscaping
6203,49.031233,-122.81974299999999,50790f9be4b021c5512368b5,Peace Arch Curling Club,49.02941241098325,-122.81638119646396,Athletics & Sports
6203,49.031233,-122.81974299999999,4b8c4948f964a52096c832e3,South Surrey Indoor Pool,49.03325253403828,-122.81519987548342,Gym / Fitness Center
6203,49.031233,-122.81974299999999,4c408ff5cc410f47a2cda961,Centennial Park,49.02918943672481,-122.81398525094136,Park
6204,49.031264,-122.82385900000001,4d33682e6c7c721efc16b956,Bayridge Elementary,49.03356703070479,-122.82797791609342,Elementary School
6205,49.031254,-122.826342,4d33682e6c7c721efc16b956,Bayridge Elementary,49.03356703070479,-122.82797791609342,Elementary School
6206,49.031256,-122.828676,4d33682e6c7c721efc16b956,Bayridge Elementary,49.03356703070479,-122.82797791609342,Elementary School
6206,49.031256,-122.828676,4c25aa9ec9bbef3b3182afac,Mac's,49.0313707,-122.8346447,Convenience Store
6206,49.031256,-122.828676,59f77d166cf01a53fdc41f24,Tim Hortons,49.0309024,-122.8348926,Coffee Shop
6207,49.031264,-122.830685,4c25aa9ec9bbef3b3182afac,Mac's,49.0313707,-122.8346447,Convenience Store
6207,49.031264,-122.830685,59f77d166cf01a53fdc41f24,Tim Hortons,49.0309024,-122.8348926,Coffee Shop
6207,49.031264,-122.830685,4d33682e6c7c721efc16b956,Bayridge Elementary,49.03356703070479,-122.82797791609342,Elementary School
6207,49.031264,-122.830685,4e6ff99dd164f60bba8436f8,"Bus Stop 56101 (351,352)",49.031209810540176,-122.83644004879035,Bus Station
6207,49.031264,-122.830685,5a8766f3b399f760c5a1883a,Website Design Brand,49.027204173116765,-122.83189058303833,IT Services
6207,49.031264,-122.830685,4e4bd2bf1f6e2a789a8c2f24,Bus Stop 56230 (C51),49.02753481252623,-122.83441185951231,Bus Station
6208,49.031292,-122.834728,4e6ff99dd164f60bba8436f8,"Bus Stop 56101 (351,352)",49.031209810540176,-122.83644004879035,Bus Station
6208,49.031292,-122.834728,50bac202e4b0073fac25a63b,White Rock Baptist Church,49.032780014185846,-122.83530729391,Church
6208,49.031292,-122.834728,4c25aa9ec9bbef3b3182afac,Mac's,49.0313707,-122.8346447,Convenience Store
6208,49.031292,-122.834728,4bae6f01f964a520dfb13be3,Mud Bay Wines - South Surrey/White Rock,49.033648,-122.83758788,Wine Shop
6208,49.031292,-122.834728,4e4bd2bf1f6e2a789a8c2f24,Bus Stop 56230 (C51),49.02753481252623,-122.83441185951231,Bus Station
6208,49.031292,-122.834728,5a8766f3b399f760c5a1883a,Website Design Brand,49.027204173116765,-122.83189058303833,IT Services
6209,49.031279,-122.83733799999999,4c25aa9ec9bbef3b3182afac,Mac's,49.0313707,-122.8346447,Convenience Store
6209,49.031279,-122.83733799999999,50bac202e4b0073fac25a63b,White Rock Baptist Church,49.032780014185846,-122.83530729391,Church
6209,49.031279,-122.83733799999999,4bae6f01f964a520dfb13be3,Mud Bay Wines - South Surrey/White Rock,49.033648,-122.83758788,Wine Shop
6210,49.031285,-122.84162099999999,5dffd46bd27f0a000816025a,Koco Espresso,49.031296,-122.846264,Coffee Shop
6210,49.031285,-122.84162099999999,53aedf44498e1d9ef5dedda9,Wired Monk Coffee Bistro,49.03129695112748,-122.84666542629932,Café
6210,49.031285,-122.84162099999999,4bae6f01f964a520dfb13be3,Mud Bay Wines - South Surrey/White Rock,49.033648,-122.83758788,Wine Shop
6210,49.031285,-122.84162099999999,50bac202e4b0073fac25a63b,White Rock Baptist Church,49.032780014185846,-122.83530729391,Church
6211,49.031296999999995,-122.846102,5dffd46bd27f0a000816025a,Koco Espresso,49.031296,-122.846264,Coffee Shop
6211,49.031296999999995,-122.846102,53aedf44498e1d9ef5dedda9,Wired Monk Coffee Bistro,49.03129695112748,-122.84666542629932,Café
6212,49.031317,-122.851244,53aedf44498e1d9ef5dedda9,Wired Monk Coffee Bistro,49.03129695112748,-122.84666542629932,Café
6213,49.031337,-122.856976,536af047498e29d4f93235d5,Canadian Easy Moving,49.03122797574107,-122.85839080810547,Moving Target
6213,49.031337,-122.856976,5bd2515689b06a002c92756b,Canadian Garage Door Repair Surrey,49.02766847464262,-122.85786509513855,Home Service
6213,49.031337,-122.856976,5197b570498efa68e84b8a02,Synergy Pilates,49.03466866304169,-122.86011144233576,Athletics & Sports
6213,49.031337,-122.856976,4f9c8196e4b044503b0043d1,Atkinson & Terry Insurance Brokers,49.03132160048546,-122.86302532942825,Insurance Office
6214,49.031344,-122.862457,4b9963e2f964a520df7735e3,Starbucks,49.03242,-122.867048,Coffee Shop
6214,49.031344,-122.862457,4b6e2ef4f964a52034b02ce3,Ocean Park Village Pub/Ocean Park Pizza & Steak House,49.03123229045375,-122.86669749526106,Pub
6214,49.031344,-122.862457,4ced6f0df368b1f7abef7af7,Subway,49.03163081708672,-122.86791138266005,Sandwich Place
6214,49.031344,-122.862457,4c7d6777724976b0c62da10a,RBC Royal Bank,49.03237167162508,-122.8671559107502,Bank
6214,49.031344,-122.862457,4b5e7fc9f964a520fc9029e3,Safeway Ocean Park,49.031905,-122.866391,Grocery Store
6214,49.031344,-122.862457,4f12193fe4b000502ccb0347,BC Liquor store,49.032002440093066,-122.86514055366685,Liquor Store
6214,49.031344,-122.862457,4b8ac7fbf964a520908032e3,COBS Bread,49.031739035901,-122.86548188881996,Bakery
6214,49.031344,-122.862457,4bfb16b9f214a593cac8ae0e,Chan's Produce,49.03109700751223,-122.86571212791264,Farmers Market
6214,49.031344,-122.862457,4be6eedfcf200f478a05153c,Morrison Cafe,49.03183292491799,-122.86568105220795,American Restaurant
6214,49.031344,-122.862457,4c7efd2cfb13a1cdb4839fa4,Panago Pizza,49.03131292833324,-122.86639765633907,Pizza Place
6214,49.031344,-122.862457,4d1a5409d6db8cfa14f4feef,Ocean Park Shopping Centre,49.03175138920223,-122.86635562886569,Shopping Mall
6214,49.031344,-122.862457,4dd5c95ed1647fcf3e23412c,Sakuya Sushi,49.031200862850724,-122.86780545980125,Sushi Restaurant
6214,49.031344,-122.862457,4b9ed8c9f964a520f50537e3,Delrio's,49.03267309071187,-122.8681862189161,Pizza Place
6215,49.032072,-122.867382,4b9963e2f964a520df7735e3,Starbucks,49.03242,-122.867048,Coffee Shop
6215,49.032072,-122.867382,4b6e2ef4f964a52034b02ce3,Ocean Park Village Pub/Ocean Park Pizza & Steak House,49.03123229045375,-122.86669749526106,Pub
6215,49.032072,-122.867382,4ced6f0df368b1f7abef7af7,Subway,49.03163081708672,-122.86791138266005,Sandwich Place
6215,49.032072,-122.867382,4c7d6777724976b0c62da10a,RBC Royal Bank,49.03237167162508,-122.8671559107502,Bank
6215,49.032072,-122.867382,4b5e7fc9f964a520fc9029e3,Safeway Ocean Park,49.031905,-122.866391,Grocery Store
6215,49.032072,-122.867382,4f12193fe4b000502ccb0347,BC Liquor store,49.032002440093066,-122.86514055366685,Liquor Store
6215,49.032072,-122.867382,4b8ac7fbf964a520908032e3,COBS Bread,49.031739035901,-122.86548188881996,Bakery
6215,49.032072,-122.867382,4bfb16b9f214a593cac8ae0e,Chan's Produce,49.03109700751223,-122.86571212791264,Farmers Market
6215,49.032072,-122.867382,4be6eedfcf200f478a05153c,Morrison Cafe,49.03183292491799,-122.86568105220795,American Restaurant
6215,49.032072,-122.867382,4b9ed8c9f964a520f50537e3,Delrio's,49.03267309071187,-122.8681862189161,Pizza Place
6215,49.032072,-122.867382,4c7efd2cfb13a1cdb4839fa4,Panago Pizza,49.03131292833324,-122.86639765633907,Pizza Place
6215,49.032072,-122.867382,4d1a5409d6db8cfa14f4feef,Ocean Park Shopping Centre,49.03175138920223,-122.86635562886569,Shopping Mall
6215,49.032072,-122.867382,4dd5c95ed1647fcf3e23412c,Sakuya Sushi,49.031200862850724,-122.86780545980125,Sushi Restaurant
6215,49.032072,-122.867382,4b877822f964a52027c031e3,1001 Steps,49.030608950364154,-122.87362575531006,Trail
6216,49.034945,-122.867401,4b9963e2f964a520df7735e3,Starbucks,49.03242,-122.867048,Coffee Shop
6216,49.034945,-122.867401,4b6e2ef4f964a52034b02ce3,Ocean Park Village Pub/Ocean Park Pizza & Steak House,49.03123229045375,-122.86669749526106,Pub
6216,49.034945,-122.867401,4c7d6777724976b0c62da10a,RBC Royal Bank,49.03237167162508,-122.8671559107502,Bank
6216,49.034945,-122.867401,4ced6f0df368b1f7abef7af7,Subway,49.03163081708672,-122.86791138266005,Sandwich Place
6216,49.034945,-122.867401,4b5e7fc9f964a520fc9029e3,Safeway Ocean Park,49.031905,-122.866391,Grocery Store
6216,49.034945,-122.867401,4b9ed8c9f964a520f50537e3,Delrio's,49.03267309071187,-122.8681862189161,Pizza Place
6216,49.034945,-122.867401,4d1a5409d6db8cfa14f4feef,Ocean Park Shopping Centre,49.03175138920223,-122.86635562886569,Shopping Mall
6216,49.034945,-122.867401,4f12193fe4b000502ccb0347,BC Liquor store,49.032002440093066,-122.86514055366685,Liquor Store
6216,49.034945,-122.867401,4be6eedfcf200f478a05153c,Morrison Cafe,49.03183292491799,-122.86568105220795,American Restaurant
6216,49.034945,-122.867401,4b8ac7fbf964a520908032e3,COBS Bread,49.031739035901,-122.86548188881996,Bakery
6216,49.034945,-122.867401,4c7efd2cfb13a1cdb4839fa4,Panago Pizza,49.03131292833324,-122.86639765633907,Pizza Place
6216,49.034945,-122.867401,4dd5c95ed1647fcf3e23412c,Sakuya Sushi,49.031200862850724,-122.86780545980125,Sushi Restaurant
6216,49.034945,-122.867401,4bfb16b9f214a593cac8ae0e,Chan's Produce,49.03109700751223,-122.86571212791264,Farmers Market
6217,49.03884,-122.86734299999999,4cf97949c671721efc60b718,Potter's Ocean Park,49.04088375154266,-122.86711758599442,Flower Shop
6218,49.042794,-122.867295,4cf97949c671721efc60b718,Potter's Ocean Park,49.04088375154266,-122.86711758599442,Flower Shop
6219,49.046146,-122.867274,572bd9c5498effab7564e768,crescent park grocery,49.047998,-122.868168,Market
6220,49.048392,-122.86724099999999,4b9ecc89f964a520c90237e3,Crescent Park,49.049942549812336,-122.8627405205272,Park
6222,49.053011,-122.866665,514e22f4e4b01417e634dc1e,Beast & Brine,49.05357,-122.867104,Deli / Bodega
6222,49.053011,-122.866665,4ce585882ea9a14328bc132b,Fieldstone Artisan Breads,49.05341,-122.867274,Bakery
6222,49.053011,-122.866665,4b9c26aff964a520584f36e3,Esquires Coffee House,49.053295878032124,-122.86698302233134,Café
6222,49.053011,-122.866665,4b9ecc89f964a520c90237e3,Crescent Park,49.049942549812336,-122.8627405205272,Park
6223,49.053159,-122.86816499999999,514e22f4e4b01417e634dc1e,Beast & Brine,49.05357,-122.867104,Deli / Bodega
6223,49.053159,-122.86816499999999,4ce585882ea9a14328bc132b,Fieldstone Artisan Breads,49.05341,-122.867274,Bakery
6223,49.053159,-122.86816499999999,4b9c26aff964a520584f36e3,Esquires Coffee House,49.053295878032124,-122.86698302233134,Café
6224,49.053889,-122.873094,55c24027498e7e2d33159834,Crescent Beach Marina (1967) Ltd,49.0541253,-122.874895,Harbor / Marina
6224,49.053889,-122.873094,4ce585882ea9a14328bc132b,Fieldstone Artisan Breads,49.05341,-122.867274,Bakery
6224,49.053889,-122.873094,514e22f4e4b01417e634dc1e,Beast & Brine,49.05357,-122.867104,Deli / Bodega
6224,49.053889,-122.873094,4b9c26aff964a520584f36e3,Esquires Coffee House,49.053295878032124,-122.86698302233134,Café
6226,49.053554999999996,-122.880091,4bd887f95cf276b0377e9d00,Crescent Beach,49.05361674529175,-122.8836810388377,Beach
6226,49.053554999999996,-122.880091,51ce2b50454ab77e4f0d8422,The Cabin Restaurant,49.053015574578644,-122.88102865219116,Restaurant
6226,49.053554999999996,-122.880091,4b97bc9cf964a5209b1235e3,Crescent Coffee House,49.0525934510592,-122.88338716170708,Coffee Shop
6226,49.053554999999996,-122.880091,4c0ff7846b7e2d7fc8df2635,Harbour House Restaurant,49.052574,-122.882982,Japanese Restaurant
6226,49.053554999999996,-122.880091,4d8be73696b9b60c5f001078,Hooked Fish Bar,49.052344100801164,-122.88515375410665,Seafood Restaurant
6226,49.053554999999996,-122.880091,4bb3d39f42959c747882222c,Martino's Italian Gelato,49.052515,-122.883746,Ice Cream Shop
6226,49.053554999999996,-122.880091,4bf6ec0d508c0f47ac0c3d31,Sunflower Organics,49.0529282800144,-122.88078978859882,Café
6226,49.053554999999996,-122.880091,4bb3f81e737d76b0cffb3a7c,Red Baron Restaurant,49.05221,-122.884482,Fast Food Restaurant
6226,49.053554999999996,-122.880091,4d462760bf61a1cd865f1aac,Pelagos Greek Restaurant,49.0524066459188,-122.88511345745326,Greek Restaurant
6226,49.053554999999996,-122.880091,4f1f0908e4b03ae365dd50c8,Thitsa's Market & Deli,49.05568,-122.884832,Deli / Bodega
6228,49.045155,-122.812446,4c0217dc096ed13a39aa7926,Softball City,49.043279438474414,-122.81586300793457,Baseball Field
6228,49.045155,-122.812446,4b1a86ebf964a520a8eb23e3,South Surrey Arena,49.041471907078304,-122.81569530409686,Skating Rink
6229,49.041583,-122.812293,4bb53d8146d4a59319ccc4c0,South Surrey Athletic Park,49.03985875372888,-122.81670860679722,Park
6229,49.041583,-122.812293,4b1a86ebf964a520a8eb23e3,South Surrey Arena,49.041471907078304,-122.81569530409686,Skating Rink
6229,49.041583,-122.812293,4c0217dc096ed13a39aa7926,Softball City,49.043279438474414,-122.81586300793457,Baseball Field
6229,49.041583,-122.812293,4b5e5afff964a520058b29e3,South Surrey Recreation Center,49.04011433117007,-122.81830490307121,College Rec Center
6230,49.038515000000004,-122.812794,4bb53d8146d4a59319ccc4c0,South Surrey Athletic Park,49.03985875372888,-122.81670860679722,Park
6230,49.038515000000004,-122.812794,4b1a86ebf964a520a8eb23e3,South Surrey Arena,49.041471907078304,-122.81569530409686,Skating Rink
6230,49.038515000000004,-122.812794,4b5e5afff964a520058b29e3,South Surrey Recreation Center,49.04011433117007,-122.81830490307121,College Rec Center
6231,49.037667,-122.82338500000002,4b5e5afff964a520058b29e3,South Surrey Recreation Center,49.04011433117007,-122.81830490307121,College Rec Center
6232,49.03441,-122.82341299999999,4d33682e6c7c721efc16b956,Bayridge Elementary,49.03356703070479,-122.82797791609342,Elementary School
6233,49.031821,-122.823198,4d33682e6c7c721efc16b956,Bayridge Elementary,49.03356703070479,-122.82797791609342,Elementary School
6234,49.035039000000005,-122.823218,4d33682e6c7c721efc16b956,Bayridge Elementary,49.03356703070479,-122.82797791609342,Elementary School
6235,49.037533,-122.823222,4b5e5afff964a520058b29e3,South Surrey Recreation Center,49.04011433117007,-122.81830490307121,College Rec Center
6236,49.038346999999995,-122.816906,4bb53d8146d4a59319ccc4c0,South Surrey Athletic Park,49.03985875372888,-122.81670860679722,Park
6236,49.038346999999995,-122.816906,4b5e5afff964a520058b29e3,South Surrey Recreation Center,49.04011433117007,-122.81830490307121,College Rec Center
6236,49.038346999999995,-122.816906,4b1a86ebf964a520a8eb23e3,South Surrey Arena,49.041471907078304,-122.81569530409686,Skating Rink
6237,49.040908,-122.812137,4bb53d8146d4a59319ccc4c0,South Surrey Athletic Park,49.03985875372888,-122.81670860679722,Park
6237,49.040908,-122.812137,4b1a86ebf964a520a8eb23e3,South Surrey Arena,49.041471907078304,-122.81569530409686,Skating Rink
6237,49.040908,-122.812137,4c0217dc096ed13a39aa7926,Softball City,49.043279438474414,-122.81586300793457,Baseball Field
6237,49.040908,-122.812137,4b5e5afff964a520058b29e3,South Surrey Recreation Center,49.04011433117007,-122.81830490307121,College Rec Center
6238,49.046054999999996,-122.812151,4c0217dc096ed13a39aa7926,Softball City,49.043279438474414,-122.81586300793457,Baseball Field
6240,49.029266,-122.7993,539e192a498e62c5566d9f9a,Wooden Spoon Co,49.02945468896608,-122.80212973004794,Bistro
6240,49.029266,-122.7993,55c4f4be498e61e7c5690a35,Bean Around the World,49.027767,-122.801017,Café
6240,49.029266,-122.7993,4e87cf79d22d3d670b17e0ee,Kappa Japanese Restaurant,49.028603601430575,-122.79963110331852,Japanese Restaurant
6240,49.029266,-122.7993,4ac01eaaf964a520d89320e3,Save-On-Foods,49.032174344648546,-122.80276449040684,Grocery Store
6240,49.029266,-122.7993,4d7c2dd07498a1cd0e4679fc,Black Tuna Sushi,49.02840197112425,-122.80137993977752,Japanese Restaurant
6240,49.029266,-122.7993,52a27a4f11d2eb67fc6e750a,Browns Socialhouse Semiahmoo,49.03137402567462,-122.8014857468078,Gastropub
6240,49.029266,-122.7993,4b9ef95df964a520c20d37e3,Sawbuck's Neighbourhood Pub,49.03166730784265,-122.80086893141781,Bar
6240,49.029266,-122.7993,4d770bb77484b60cac1e37d9,Buy-Low Foods,49.02829232751796,-122.80174382645107,Health Food Store
6240,49.029266,-122.7993,4cb8ac0643ec6dcbe2b19731,A&W,49.032026,-122.801907,Fast Food Restaurant
6240,49.029266,-122.7993,4abfbf3ff964a520f69120e3,Starbucks,49.03347,-122.800684,Coffee Shop
6240,49.029266,-122.7993,4e8673f8d66a9b178e911653,Petro-Canada,49.027282,-122.80075,Gas Station
6240,49.029266,-122.7993,4bb3cfe54019a593a87c38b8,TD Canada Trust,49.0309437,-122.803322,Bank
6240,49.029266,-122.7993,4b3188c2f964a520990825e3,KFC,49.02929684388471,-122.80009073857592,Fast Food Restaurant
6240,49.029266,-122.7993,4cc0d76bd363721ed48656c9,Shoppers Drug Mart,49.031462,-122.803902,Pharmacy
6240,49.029266,-122.7993,4ac405b5f964a520e59d20e3,White Spot,49.03274042306666,-122.80117397055189,Burger Joint
6240,49.029266,-122.7993,4ba2634cf964a520eaf337e3,Blenz Coffee,49.033131986817864,-122.80223753476002,Coffee Shop
6240,49.029266,-122.7993,4cdb4e333f6a8cfaf47deaea,Pizza Hut,49.033568709668714,-122.80081729346657,Pizza Place
6240,49.029266,-122.7993,4b97fb7ff964a520f42335e3,RBC Royal Bank,49.03168872258422,-122.8014662861824,Bank
6240,49.029266,-122.7993,4bef638496edc9b6febb4af2,Leela Thai,49.02587914313373,-122.801004,Thai Restaurant
6241,49.029238,-122.796742,4e87cf79d22d3d670b17e0ee,Kappa Japanese Restaurant,49.028603601430575,-122.79963110331852,Japanese Restaurant
6241,49.029238,-122.796742,55c4f4be498e61e7c5690a35,Bean Around the World,49.027767,-122.801017,Café
6241,49.029238,-122.796742,539e192a498e62c5566d9f9a,Wooden Spoon Co,49.02945468896608,-122.80212973004794,Bistro
6241,49.029238,-122.796742,52a27a4f11d2eb67fc6e750a,Browns Socialhouse Semiahmoo,49.03137402567462,-122.8014857468078,Gastropub
6241,49.029238,-122.796742,4d7c2dd07498a1cd0e4679fc,Black Tuna Sushi,49.02840197112425,-122.80137993977752,Japanese Restaurant
6241,49.029238,-122.796742,4b9ef95df964a520c20d37e3,Sawbuck's Neighbourhood Pub,49.03166730784265,-122.80086893141781,Bar
6241,49.029238,-122.796742,4cb8ac0643ec6dcbe2b19731,A&W,49.032026,-122.801907,Fast Food Restaurant
6241,49.029238,-122.796742,4b3188c2f964a520990825e3,KFC,49.02929684388471,-122.80009073857592,Fast Food Restaurant
6241,49.029238,-122.796742,4e8673f8d66a9b178e911653,Petro-Canada,49.027282,-122.80075,Gas Station
6241,49.029238,-122.796742,4d770bb77484b60cac1e37d9,Buy-Low Foods,49.02829232751796,-122.80174382645107,Health Food Store
6241,49.029238,-122.796742,4c9257be2626a1cd2ed9396b,Tim Hortons,49.030404,-122.791992,Coffee Shop
6241,49.029238,-122.796742,4b97fb7ff964a520f42335e3,RBC Royal Bank,49.03168872258422,-122.8014662861824,Bank
6241,49.029238,-122.796742,4bef638496edc9b6febb4af2,Leela Thai,49.02587914313373,-122.801004,Thai Restaurant
6242,49.029216,-122.793594,4e87cf79d22d3d670b17e0ee,Kappa Japanese Restaurant,49.028603601430575,-122.79963110331852,Japanese Restaurant
6242,49.029216,-122.793594,4c9257be2626a1cd2ed9396b,Tim Hortons,49.030404,-122.791992,Coffee Shop
6242,49.029216,-122.793594,4b3188c2f964a520990825e3,KFC,49.02929684388471,-122.80009073857592,Fast Food Restaurant
6242,49.029216,-122.793594,5a6b3ba0666116502543d8b8,Rexall,49.029517,-122.7945308,Pharmacy
6244,49.029166,-122.78726999999999,4c9257be2626a1cd2ed9396b,Tim Hortons,49.030404,-122.791992,Coffee Shop
6244,49.029166,-122.78726999999999,4e7c23e8823139fc892ca786,Kent Street Activity Centre,49.02887997489553,-122.78520372549352,Resort
6244,49.029166,-122.78726999999999,4f8aeab7e4b055d2314f4e6e,Maccaud Park,49.02763682244035,-122.78509074416922,Park
6244,49.029166,-122.78726999999999,4c71c20857b6a14397f7c3cc,Goggs Park,49.02852760655098,-122.79197743736853,Park
6245,49.029167,-122.78501100000001,4e7c23e8823139fc892ca786,Kent Street Activity Centre,49.02887997489553,-122.78520372549352,Resort
6245,49.029167,-122.78501100000001,4f8aeab7e4b055d2314f4e6e,Maccaud Park,49.02763682244035,-122.78509074416922,Park
6245,49.029167,-122.78501100000001,4fb45beee4b0243a5ec14bbf,Wheelhouse Theatre,49.03187477007199,-122.78525543582447,Theater
6245,49.029167,-122.78501100000001,52bf6ba011d26cbebdccd606,CrossFit South Surrey,49.02855485643408,-122.77959823608398,Gym
6245,49.029167,-122.78501100000001,50077378e4b073219c8b4cd1,Working Hands Fibre Arts Studio,49.026231,-122.788454,Arts & Crafts Store
6245,49.029167,-122.78501100000001,518ef15c498ede009ef70d38,Lazar's Studio,49.02550798315671,-122.78727978838793,Music Venue
6246,49.029159,-122.781815,52bf6ba011d26cbebdccd606,CrossFit South Surrey,49.02855485643408,-122.77959823608398,Gym
6246,49.029159,-122.781815,4f8aeab7e4b055d2314f4e6e,Maccaud Park,49.02763682244035,-122.78509074416922,Park
6246,49.029159,-122.781815,4fb45beee4b0243a5ec14bbf,Wheelhouse Theatre,49.03187477007199,-122.78525543582447,Theater
6246,49.029159,-122.781815,5518c4bd498e3f164de4a48c,Indigo Intuitive Consulting,49.025459486233316,-122.77921199798583,Health & Beauty Service
6246,49.029159,-122.781815,57dad8f4498e4256761e5020,Alpha Concierge Services,49.0319564,-122.7766407,Business Service
6247,49.027105,-122.77928,55728ec4498e4ce265c75a58,STOCK Fitness  Function,49.02491074142295,-122.77790307998657,Gym / Fitness Center
6247,49.027105,-122.77928,4f8aeab7e4b055d2314f4e6e,Maccaud Park,49.02763682244035,-122.78509074416922,Park
6247,49.027105,-122.77928,4e7c23e8823139fc892ca786,Kent Street Activity Centre,49.02887997489553,-122.78520372549352,Resort
6248,49.0253,-122.779257,55728ec4498e4ce265c75a58,STOCK Fitness  Function,49.02491074142295,-122.77790307998657,Gym / Fitness Center
6248,49.0253,-122.779257,4f8aeab7e4b055d2314f4e6e,Maccaud Park,49.02763682244035,-122.78509074416922,Park
6249,49.023435,-122.77926799999999,55728ec4498e4ce265c75a58,STOCK Fitness  Function,49.02491074142295,-122.77790307998657,Gym / Fitness Center
6249,49.023435,-122.77926799999999,5d944a8b8095ca00078255c5,Emerson's Contracting,49.020208,-122.778004,Construction & Landscaping
6250,49.021813,-122.77927700000001,5d944a8b8095ca00078255c5,Emerson's Contracting,49.020208,-122.778004,Construction & Landscaping
6250,49.021813,-122.77927700000001,55728ec4498e4ce265c75a58,STOCK Fitness  Function,49.02491074142295,-122.77790307998657,Gym / Fitness Center
6251,49.019797,-122.779307,5d944a8b8095ca00078255c5,Emerson's Contracting,49.020208,-122.778004,Construction & Landscaping
6251,49.019797,-122.779307,51f32e4f498e155c2e12a4a0,Semiahmoo Nation,49.01620656188151,-122.7834129313493,Park
6252,49.018091999999996,-122.779322,4b77826bf964a520d79e2ee3,Washington Avenue Grill,49.01628448883567,-122.78547909253648,American Restaurant
6252,49.018091999999996,-122.779322,5d944a8b8095ca00078255c5,Emerson's Contracting,49.020208,-122.778004,Construction & Landscaping
6252,49.018091999999996,-122.779322,51f32e4f498e155c2e12a4a0,Semiahmoo Nation,49.01620656188151,-122.7834129313493,Park
6252,49.018091999999996,-122.779322,4e80cfead22d5f968c359530,Bollywood Eyebrow And Waxing Bar,49.01656784499175,-122.78541328889649,Spa
6253,49.01664,-122.78097,4b77826bf964a520d79e2ee3,Washington Avenue Grill,49.01628448883567,-122.78547909253648,American Restaurant
6253,49.01664,-122.78097,51f32e4f498e155c2e12a4a0,Semiahmoo Nation,49.01620656188151,-122.7834129313493,Park
6253,49.01664,-122.78097,537785d611d257d243c1a02f,Langley 204 Horseback Riding,49.0171,-122.78,Farm
6253,49.01664,-122.78097,5d944a8b8095ca00078255c5,Emerson's Contracting,49.020208,-122.778004,Construction & Landscaping
6254,49.016642,-122.783809,4b77826bf964a520d79e2ee3,Washington Avenue Grill,49.01628448883567,-122.78547909253648,American Restaurant
6254,49.016642,-122.783809,51f32e4f498e155c2e12a4a0,Semiahmoo Nation,49.01620656188151,-122.7834129313493,Park
6254,49.016642,-122.783809,4e3ee3fcaeb73139a18c9322,Organic Connections Cafe,49.016406586390275,-122.78961092355743,Vegetarian / Vegan Restaurant
6254,49.016642,-122.783809,4d3de1b5af8ca143b6f40ff7,Look Watts Cooking & Catering,49.016694,-122.79007680000001,Bakery
6254,49.016642,-122.783809,4db0c51e5da32cf2df4f5cb8,Ocean Promenade Hotel,49.01679642818027,-122.79011801028794,Hotel
6255,49.016645000000004,-122.78721100000001,4b77826bf964a520d79e2ee3,Washington Avenue Grill,49.01628448883567,-122.78547909253648,American Restaurant
6255,49.016645000000004,-122.78721100000001,4b1c331bf964a520200424e3,Moby Dick Seafood Restaurant,49.01771376269569,-122.79368303924987,Seafood Restaurant
6255,49.016645000000004,-122.78721100000001,4baa4259f964a52077583ae3,Poultry In Motion,49.017474,-122.7933897,Breakfast Spot
6255,49.016645000000004,-122.78721100000001,4c2d4084987f20a1443549aa,Montgomery's Cottage Lunch - Fish And Chips,49.017252,-122.791923,Fish & Chips Shop
6255,49.016645000000004,-122.78721100000001,4bbff45b74a9a593f47ccff6,Coney Island Fish & Chips,49.01765348132202,-122.79348935900161,Fish & Chips Shop
6255,49.016645000000004,-122.78721100000001,4d3de1b5af8ca143b6f40ff7,Look Watts Cooking & Catering,49.016694,-122.79007680000001,Bakery
6255,49.016645000000004,-122.78721100000001,4db0c51e5da32cf2df4f5cb8,Ocean Promenade Hotel,49.01679642818027,-122.79011801028794,Hotel
6255,49.016645000000004,-122.78721100000001,4be61f042457a593688bac15,Kahunas Fish & Chips,49.01740409580156,-122.79255867004395,Fish & Chips Shop
6256,49.01665,-122.78926499999999,4b77826bf964a520d79e2ee3,Washington Avenue Grill,49.01628448883567,-122.78547909253648,American Restaurant
6256,49.01665,-122.78926499999999,4b1c331bf964a520200424e3,Moby Dick Seafood Restaurant,49.01771376269569,-122.79368303924987,Seafood Restaurant
6256,49.01665,-122.78926499999999,4baa4259f964a52077583ae3,Poultry In Motion,49.017474,-122.7933897,Breakfast Spot
6256,49.01665,-122.78926499999999,4c2d4084987f20a1443549aa,Montgomery's Cottage Lunch - Fish And Chips,49.017252,-122.791923,Fish & Chips Shop
6256,49.01665,-122.78926499999999,4bbff45b74a9a593f47ccff6,Coney Island Fish & Chips,49.01765348132202,-122.79348935900161,Fish & Chips Shop
6256,49.01665,-122.78926499999999,4be61f042457a593688bac15,Kahunas Fish & Chips,49.01740409580156,-122.79255867004395,Fish & Chips Shop
6256,49.01665,-122.78926499999999,4db0c51e5da32cf2df4f5cb8,Ocean Promenade Hotel,49.01679642818027,-122.79011801028794,Hotel
6258,49.019003999999995,-122.797676,4b1c331bf964a520200424e3,Moby Dick Seafood Restaurant,49.01771376269569,-122.79368303924987,Seafood Restaurant
6258,49.019003999999995,-122.797676,592c73db33627333069b6e44,Laura's Coffee Shop,49.023272,-122.799314,Café
6258,49.019003999999995,-122.797676,4baa4259f964a52077583ae3,Poultry In Motion,49.017474,-122.7933897,Breakfast Spot
6258,49.019003999999995,-122.797676,4d669229153ba0936113ebf8,Laura's Coffee Corner,49.023239,-122.799434,Coffee Shop
6258,49.019003999999995,-122.797676,4bbff45b74a9a593f47ccff6,Coney Island Fish & Chips,49.01765348132202,-122.79348935900161,Fish & Chips Shop
6258,49.019003999999995,-122.797676,4c2d4084987f20a1443549aa,Montgomery's Cottage Lunch - Fish And Chips,49.017252,-122.791923,Fish & Chips Shop
6258,49.019003999999995,-122.797676,4be61f042457a593688bac15,Kahunas Fish & Chips,49.01740409580156,-122.79255867004395,Fish & Chips Shop
6259,49.020509999999994,-122.80264,4be764892457a59306f2ad15,White Rock Beach,49.02116159362738,-122.80564928828043,Beach
6259,49.020509999999994,-122.80264,4affb286f964a520ec3922e3,White Rock Pier,49.02145287742777,-122.80584114460052,Other Great Outdoors
6259,49.020509999999994,-122.80264,4b8f37dff964a520324e33e3,Uli's Restaurant,49.02136881533056,-122.80594270120199,Restaurant
6259,49.020509999999994,-122.80264,4b7dd38af964a52013d72fe3,Dolce Gelato,49.02128145837518,-122.80571256869347,Ice Cream Shop
6259,49.020509999999994,-122.80264,592c73db33627333069b6e44,Laura's Coffee Shop,49.023272,-122.799314,Café
6259,49.020509999999994,-122.80264,4c3d0a8fb169c9b671984668,Taka's Sushi,49.02365070126867,-122.80051527799138,Japanese Restaurant
6259,49.020509999999994,-122.80264,4cdc96cf958f236ac4a4b303,Emilio Finatti,49.02349577426599,-122.8000904736715,Pizza Place
6259,49.020509999999994,-122.80264,4d61c0ec71f38eecf50d5b21,Dew Drop Inn,49.02108887140455,-122.80504073286532,Food & Drink Shop
6259,49.020509999999994,-122.80264,4bc921c1fb84c9b6a9a51a3e,Cielo's,49.021006453293474,-122.80511533675025,Tapas Restaurant
6259,49.020509999999994,-122.80264,4d669229153ba0936113ebf8,Laura's Coffee Corner,49.023239,-122.799434,Coffee Shop
6259,49.020509999999994,-122.80264,5776c6cb498e61cc05b1a1af,Islands Cafe,49.024628,-122.80123,Café
6259,49.020509999999994,-122.80264,4c241925f7ced13ae564226d,Five Doors Down,49.021246003226565,-122.80566373696163,Tapas Restaurant
6259,49.020509999999994,-122.80264,4bef02b52ff520a1e8fae7a2,The Boathouse Restaurant,49.022285,-122.808391,Seafood Restaurant
6259,49.020509999999994,-122.80264,5161b0db526209f670008f44,Oceanside Public House,49.02161034058259,-122.80675500406379,Gastropub
6259,49.020509999999994,-122.80264,4b480407f964a520634626e3,Onyx Steakhouse,49.02434054856091,-122.80140642588277,Steakhouse
6259,49.020509999999994,-122.80264,4aebba27f964a52098c421e3,Little India,49.02109314386806,-122.80465043446172,Indian Restaurant
6259,49.020509999999994,-122.80264,4c0ec4617189c928310ad9b6,Dock's Fish & Chips,49.021028,-122.8053,Fish & Chips Shop
6259,49.020509999999994,-122.80264,4b524d83f964a520f57527e3,Charlie Don't Surf,49.021599984392154,-122.80656124400434,American Restaurant
6259,49.020509999999994,-122.80264,4bcde7bf8920b713a985a0dc,White Rock Museum and Archives,49.02166,-122.807303,Museum
6259,49.020509999999994,-122.80264,4b301539f964a520c4f524e3,Shinjuku,49.02151,-122.806277,Japanese Restaurant
6259,49.020509999999994,-122.80264,4f5414afe4b0b5d9df5adcf9,Jan's On The Beach,49.02172576553228,-122.80706031386799,Breakfast Spot
6259,49.020509999999994,-122.80264,4de54b84d4c09fc98b64cd98,Cones Creamery,49.021812175602406,-122.80762991074734,Dessert Shop
6259,49.020509999999994,-122.80264,51534b7be4b0d3abff9359ce,West Beach White Rock,49.02441513799201,-122.80207889845536,Beach
6259,49.020509999999994,-122.80264,4fbfd8d9e4b0a6eab8fa568b,The White Coffee & Ice Cream,49.022297147049365,-122.80869723333547,Coffee Shop
6259,49.020509999999994,-122.80264,4bb7e23098c7ef3b18873002,White Mountain Homemade Ice Cream,49.022325001629284,-122.80858897638191,Ice Cream Shop
6259,49.020509999999994,-122.80264,4c608537832fa593a2e8efd3,Freshslice Pizza,49.02250601106887,-122.80857388733557,Pizza Place
6261,49.022354,-122.808973,4be769672457a5939ff7ad15,White Rock Strip,49.02255999372002,-122.81016204804217,Waterfront
6261,49.022354,-122.808973,4be764892457a59306f2ad15,White Rock Beach,49.02116159362738,-122.80564928828043,Beach
6261,49.022354,-122.808973,4affb286f964a520ec3922e3,White Rock Pier,49.02145287742777,-122.80584114460052,Other Great Outdoors
6261,49.022354,-122.808973,4b8f37dff964a520324e33e3,Uli's Restaurant,49.02136881533056,-122.80594270120199,Restaurant
6261,49.022354,-122.808973,4b7dd38af964a52013d72fe3,Dolce Gelato,49.02128145837518,-122.80571256869347,Ice Cream Shop
6261,49.022354,-122.808973,4be48f20bcef2d7f48ba02e5,Cosmos,49.02266417187954,-122.81011821323744,Greek Restaurant
6261,49.022354,-122.808973,4bef02b52ff520a1e8fae7a2,The Boathouse Restaurant,49.022285,-122.808391,Seafood Restaurant
6261,49.022354,-122.808973,4d61c0ec71f38eecf50d5b21,Dew Drop Inn,49.02108887140455,-122.80504073286532,Food & Drink Shop
6261,49.022354,-122.808973,4bc921c1fb84c9b6a9a51a3e,Cielo's,49.021006453293474,-122.80511533675025,Tapas Restaurant
6261,49.022354,-122.808973,4c241925f7ced13ae564226d,Five Doors Down,49.021246003226565,-122.80566373696163,Tapas Restaurant
6261,49.022354,-122.808973,4b9d48eef964a52020a036e3,Whitby's Coffee,49.02305824241884,-122.81142327410524,Café
6261,49.022354,-122.808973,5161b0db526209f670008f44,Oceanside Public House,49.02161034058259,-122.80675500406379,Gastropub
6261,49.022354,-122.808973,4b524d83f964a520f57527e3,Charlie Don't Surf,49.021599984392154,-122.80656124400434,American Restaurant
6261,49.022354,-122.808973,4bcde7bf8920b713a985a0dc,White Rock Museum and Archives,49.02166,-122.807303,Museum
6261,49.022354,-122.808973,4fbfd8d9e4b0a6eab8fa568b,The White Coffee & Ice Cream,49.022297147049365,-122.80869723333547,Coffee Shop
6261,49.022354,-122.808973,4de54b84d4c09fc98b64cd98,Cones Creamery,49.021812175602406,-122.80762991074734,Dessert Shop
6261,49.022354,-122.808973,4c608537832fa593a2e8efd3,Freshslice Pizza,49.02250601106887,-122.80857388733557,Pizza Place
6261,49.022354,-122.808973,4c2fa2d6452620a1c2e71d0f,Seaside Scoops,49.02244429025461,-122.80969895369383,Dessert Shop
6261,49.022354,-122.808973,4bb7e23098c7ef3b18873002,White Mountain Homemade Ice Cream,49.022325001629284,-122.80858897638191,Ice Cream Shop
6261,49.022354,-122.808973,4c4a0b8e712ac92851efdf6a,West Beach Bar & Grill,49.02280012329492,-122.8104812234894,Seafood Restaurant
6261,49.022354,-122.808973,4f5414afe4b0b5d9df5adcf9,Jan's On The Beach,49.02172576553228,-122.80706031386799,Breakfast Spot
6261,49.022354,-122.808973,4b301539f964a520c4f524e3,Shinjuku,49.02151,-122.806277,Japanese Restaurant
6261,49.022354,-122.808973,4c0ec4617189c928310ad9b6,Dock's Fish & Chips,49.021028,-122.8053,Fish & Chips Shop
6261,49.022354,-122.808973,4aebba27f964a52098c421e3,Little India,49.02109314386806,-122.80465043446172,Indian Restaurant
6262,49.023471,-122.812716,4be769672457a5939ff7ad15,White Rock Strip,49.02255999372002,-122.81016204804217,Waterfront
6262,49.023471,-122.812716,4be48f20bcef2d7f48ba02e5,Cosmos,49.02266417187954,-122.81011821323744,Greek Restaurant
6262,49.023471,-122.812716,4bef02b52ff520a1e8fae7a2,The Boathouse Restaurant,49.022285,-122.808391,Seafood Restaurant
6262,49.023471,-122.812716,4b9d48eef964a52020a036e3,Whitby's Coffee,49.02305824241884,-122.81142327410524,Café
6262,49.023471,-122.812716,5161b0db526209f670008f44,Oceanside Public House,49.02161034058259,-122.80675500406379,Gastropub
6262,49.023471,-122.812716,4c4a0b8e712ac92851efdf6a,West Beach Bar & Grill,49.02280012329492,-122.8104812234894,Seafood Restaurant
6262,49.023471,-122.812716,4fbfd8d9e4b0a6eab8fa568b,The White Coffee & Ice Cream,49.022297147049365,-122.80869723333547,Coffee Shop
6262,49.023471,-122.812716,4c608537832fa593a2e8efd3,Freshslice Pizza,49.02250601106887,-122.80857388733557,Pizza Place
6262,49.023471,-122.812716,4bb7e23098c7ef3b18873002,White Mountain Homemade Ice Cream,49.022325001629284,-122.80858897638191,Ice Cream Shop
6262,49.023471,-122.812716,4bcde7bf8920b713a985a0dc,White Rock Museum and Archives,49.02166,-122.807303,Museum
6262,49.023471,-122.812716,4b524d83f964a520f57527e3,Charlie Don't Surf,49.021599984392154,-122.80656124400434,American Restaurant
6262,49.023471,-122.812716,4de54b84d4c09fc98b64cd98,Cones Creamery,49.021812175602406,-122.80762991074734,Dessert Shop
6262,49.023471,-122.812716,4fe694f2e4b045277f4ed1bc,White Rock Trails,49.02483845825088,-122.81818181752942,Trail
6262,49.023471,-122.812716,4f5414afe4b0b5d9df5adcf9,Jan's On The Beach,49.02172576553228,-122.80706031386799,Breakfast Spot
6263,49.024319,-122.815499,4be769672457a5939ff7ad15,White Rock Strip,49.02255999372002,-122.81016204804217,Waterfront
6263,49.024319,-122.815499,4be48f20bcef2d7f48ba02e5,Cosmos,49.02266417187954,-122.81011821323744,Greek Restaurant
6263,49.024319,-122.815499,4b9d48eef964a52020a036e3,Whitby's Coffee,49.02305824241884,-122.81142327410524,Café
6263,49.024319,-122.815499,4fe694f2e4b045277f4ed1bc,White Rock Trails,49.02483845825088,-122.81818181752942,Trail
6263,49.024319,-122.815499,4c4a0b8e712ac92851efdf6a,West Beach Bar & Grill,49.02280012329492,-122.8104812234894,Seafood Restaurant
6264,49.024834000000006,-122.81809799999999,4fe694f2e4b045277f4ed1bc,White Rock Trails,49.02483845825088,-122.81818181752942,Trail
6265,49.025862,-122.823448,582859c570fc4206605aaa98,The Curtain Call Custom Interiors,49.025684610558855,-122.82321095466612,Home Service
6265,49.025862,-122.823448,560c1f19498e5ac804813022,Samra Bros Roofing Ltd,49.027823,-122.825806,Construction & Landscaping
6265,49.025862,-122.823448,4fe694f2e4b045277f4ed1bc,White Rock Trails,49.02483845825088,-122.81818181752942,Trail
6265,49.025862,-122.823448,5963302bc9a5176d67a1602e,Oceanview On Sunset Beachhouse,49.025326697579374,-122.81754210591315,Vacation Rental
6266,49.026718,-122.830276,5a8766f3b399f760c5a1883a,Website Design Brand,49.027204173116765,-122.83189058303833,IT Services
6266,49.026718,-122.830276,4e4bd2bf1f6e2a789a8c2f24,Bus Stop 56230 (C51),49.02753481252623,-122.83441185951231,Bus Station
6266,49.026718,-122.830276,560c1f19498e5ac804813022,Samra Bros Roofing Ltd,49.027823,-122.825806,Construction & Landscaping
6267,49.027590999999994,-122.8349,5a8766f3b399f760c5a1883a,Website Design Brand,49.027204173116765,-122.83189058303833,IT Services
6267,49.027590999999994,-122.8349,4c25aa9ec9bbef3b3182afac,Mac's,49.0313707,-122.8346447,Convenience Store
6269,49.027238,-122.845178,5dffd46bd27f0a000816025a,Koco Espresso,49.031296,-122.846264,Coffee Shop
6269,49.027238,-122.845178,53aedf44498e1d9ef5dedda9,Wired Monk Coffee Bistro,49.03129695112748,-122.84666542629932,Café
627,49.233990999999996,-123.11641100000001,4abab7f7f964a520978220e3,BC Liquor Store,49.23475811779682,-123.11663730734448,Liquor Store
627,49.233990999999996,-123.11641100000001,4d0d6ab995c1a1cd5f3d02ff,DAVIDsTEA,49.232683123192075,-123.11807422571168,Tea Room
627,49.233990999999996,-123.11641100000001,4f7750d0e4b0e5e2ba970ddb,The LEGO Store,49.23167317861678,-123.11837035562371,Toy / Game Store
627,49.233990999999996,-123.11641100000001,4abe985af964a520b88e20e3,Apple Oakridge Centre,49.2319166,-123.1179691,Electronics Store
627,49.233990999999996,-123.11641100000001,5148a6abe4b082ab1e79b999,Crate & Barrel,49.23236197,-123.11806977,Furniture / Home Store
627,49.233990999999996,-123.11641100000001,4b8b5596f964a520a19c32e3,Purdys Chocolatier,49.232182,-123.118328,Chocolate Shop
627,49.233990999999996,-123.11641100000001,4e852a9b6da11c2e0ad28420,Mimibuloveme,49.23483923976368,-123.11598760043576,Café
627,49.233990999999996,-123.11641100000001,4b52625bf964a520aa7a27e3,TD Canada Trust,49.23381521476208,-123.11667680740356,Bank
627,49.233990999999996,-123.11641100000001,4aa86e89f964a520435120e3,Oakridge Centre,49.23213777829813,-123.11734327721422,Shopping Mall
627,49.233990999999996,-123.11641100000001,4ba67189f964a520035339e3,Togo Sushi,49.23298156131314,-123.11770479207854,Sushi Restaurant
627,49.233990999999996,-123.11641100000001,4ac003e0f964a520769320e3,Samurai Sushi House,49.23189151583755,-123.11597429281706,Sushi Restaurant
627,49.233990999999996,-123.11641100000001,506f3c21e4b03206db449213,KFC,49.232739,-123.116571,Fast Food Restaurant
627,49.233990999999996,-123.11641100000001,4cface77dccef04d5796b79c,New York Fries - Oakridge Centre,49.23141505000334,-123.11721857866854,Restaurant
627,49.233990999999996,-123.11641100000001,52b8994a11d2f4e4a289e1f9,Peninsula Seafood Restaurant,49.231419826652456,-123.1192660279077,Cantonese Restaurant
627,49.233990999999996,-123.11641100000001,4bd6ff31637ba593af09f970,Blenz Coffee,49.23310867160089,-123.1174529103354,Coffee Shop
627,49.233990999999996,-123.11641100000001,4b4b9687f964a52024a126e3,A&W,49.23133,-123.116966,Fast Food Restaurant
627,49.233990999999996,-123.11641100000001,4de6cb1288777d9881848ca0,Taco Luis,49.23157560002706,-123.11692699585588,Taco Place
627,49.233990999999996,-123.11641100000001,4b3298e2f964a520920f25e3,Murchie's,49.231589563135714,-123.11880954853736,Tea Room
627,49.233990999999996,-123.11641100000001,4bd34bc141b9ef3be0cdffe5,White Spot,49.23321445369728,-123.11728117658237,Burger Joint
627,49.233990999999996,-123.11641100000001,4ad8cd9cf964a520cf1421e3,Starbucks,49.23524,-123.11572,Coffee Shop
627,49.233990999999996,-123.11641100000001,4ccfe3bb2fd9b60ca9c57deb,Tim Hortons,49.2313223,-123.1168206,Coffee Shop
627,49.233990999999996,-123.11641100000001,4be9c915a9900f4711bf1540,Oakridge Centre Food Court,49.2315217120455,-123.1171457576018,Food Court
627,49.233990999999996,-123.11641100000001,4bcfa4ec9854d13a9d8cf64d,Saint Germain Bakery,49.231575433683965,-123.11884886711745,Bakery
627,49.233990999999996,-123.11641100000001,4c9a94e39c663704e0fd59fd,Maison Birks,49.232195,-123.118965,Jewelry Store
627,49.233990999999996,-123.11641100000001,4cf68680c020b60c0ea72075,Sunglass Hut,49.2324965590222,-123.119438410067,Accessories Store
627,49.233990999999996,-123.11641100000001,4e6aa7db18381ea1be012af1,Go! Toys & Games,49.231975,-123.118746,Toy / Game Store
627,49.233990999999996,-123.11641100000001,4bddd2b2e75c0f4755c0c503,Browns,49.23198480907571,-123.1188264430819,Shoe Store
627,49.233990999999996,-123.11641100000001,4bb7bc103db7b713af78209a,Banana Republic,49.23209030804278,-123.11920204951578,Clothing Store
627,49.233990999999996,-123.11641100000001,4eb85fbef790d87d03f81906,Oakridge Optometry Clinic,49.23190806558866,-123.1189116238238,Optical Shop
627,49.233990999999996,-123.11641100000001,4c180350d4d9c928fad1ee29,J2 Men's,49.23175113259431,-123.1186294555664,Men's Store
627,49.233990999999996,-123.11641100000001,4c254413c11dc9b6b9f22624,The Source,49.23174001963643,-123.11863578520281,Electronics Store
627,49.233990999999996,-123.11641100000001,4efbc30602d5a2b50e420719,Tommy Bahama,49.231481805517085,-123.11787024727003,Clothing Store
627,49.233990999999996,-123.11641100000001,4ba96aebf964a520e8253ae3,LensCrafters,49.2316665,-123.1189023,Optical Shop
627,49.233990999999996,-123.11641100000001,57954d4ecd10f4e24eacde8d,Innocent Ice Cream,49.2316939723359,-123.11928685214289,Food Truck
627,49.233990999999996,-123.11641100000001,4b91a72df964a52028cd33e3,Kin's Farm Market,49.231259080676615,-123.11895970708994,Farmers Market
627,49.233990999999996,-123.11641100000001,4bf6e79e4a67c928dda522cf,Hennessey Salon + Spa,49.23135879835502,-123.11923027038574,Salon / Barbershop
627,49.233990999999996,-123.11641100000001,4e1cefb81f6e47e5e7936efa,Oakridge Fish Market,49.23112198448464,-123.11899395241281,Fish Market
6270,49.027116,-122.848577,53aedf44498e1d9ef5dedda9,Wired Monk Coffee Bistro,49.03129695112748,-122.84666542629932,Café
6270,49.027116,-122.848577,5dffd46bd27f0a000816025a,Koco Espresso,49.031296,-122.846264,Coffee Shop
6271,49.027026,-122.851725,5bd2515689b06a002c92756b,Canadian Garage Door Repair Surrey,49.02766847464262,-122.85786509513855,Home Service
6272,49.026905,-122.8549,5bd2515689b06a002c92756b,Canadian Garage Door Repair Surrey,49.02766847464262,-122.85786509513855,Home Service
6273,49.026796000000004,-122.859627,5bd2515689b06a002c92756b,Canadian Garage Door Repair Surrey,49.02766847464262,-122.85786509513855,Home Service
6277,49.028099,-122.861938,4b6e2ef4f964a52034b02ce3,Ocean Park Village Pub/Ocean Park Pizza & Steak House,49.03123229045375,-122.86669749526106,Pub
6277,49.028099,-122.861938,4bfb16b9f214a593cac8ae0e,Chan's Produce,49.03109700751223,-122.86571212791264,Farmers Market
6277,49.028099,-122.861938,4b8ac7fbf964a520908032e3,COBS Bread,49.031739035901,-122.86548188881996,Bakery
6277,49.028099,-122.861938,4c7efd2cfb13a1cdb4839fa4,Panago Pizza,49.03131292833324,-122.86639765633907,Pizza Place
6277,49.028099,-122.861938,4f12193fe4b000502ccb0347,BC Liquor store,49.032002440093066,-122.86514055366685,Liquor Store
6277,49.028099,-122.861938,4be6eedfcf200f478a05153c,Morrison Cafe,49.03183292491799,-122.86568105220795,American Restaurant
6278,49.029893,-122.861923,4b9963e2f964a520df7735e3,Starbucks,49.03242,-122.867048,Coffee Shop
6278,49.029893,-122.861923,4b6e2ef4f964a52034b02ce3,Ocean Park Village Pub/Ocean Park Pizza & Steak House,49.03123229045375,-122.86669749526106,Pub
6278,49.029893,-122.861923,4ced6f0df368b1f7abef7af7,Subway,49.03163081708672,-122.86791138266005,Sandwich Place
6278,49.029893,-122.861923,4c7d6777724976b0c62da10a,RBC Royal Bank,49.03237167162508,-122.8671559107502,Bank
6278,49.029893,-122.861923,4b5e7fc9f964a520fc9029e3,Safeway Ocean Park,49.031905,-122.866391,Grocery Store
6278,49.029893,-122.861923,4bfb16b9f214a593cac8ae0e,Chan's Produce,49.03109700751223,-122.86571212791264,Farmers Market
6278,49.029893,-122.861923,4b8ac7fbf964a520908032e3,COBS Bread,49.031739035901,-122.86548188881996,Bakery
6278,49.029893,-122.861923,4f12193fe4b000502ccb0347,BC Liquor store,49.032002440093066,-122.86514055366685,Liquor Store
6278,49.029893,-122.861923,4be6eedfcf200f478a05153c,Morrison Cafe,49.03183292491799,-122.86568105220795,American Restaurant
6278,49.029893,-122.861923,4c7efd2cfb13a1cdb4839fa4,Panago Pizza,49.03131292833324,-122.86639765633907,Pizza Place
6278,49.029893,-122.861923,4d1a5409d6db8cfa14f4feef,Ocean Park Shopping Centre,49.03175138920223,-122.86635562886569,Shopping Mall
6278,49.029893,-122.861923,4dd5c95ed1647fcf3e23412c,Sakuya Sushi,49.031200862850724,-122.86780545980125,Sushi Restaurant
628,49.279145,-123.11625900000001,4b7235fef964a52010742de3,L'Hermitage,49.2801392339119,-123.11748032945334,Hotel
628,49.279145,-123.11625900000001,5790281f498e75e0454bf0a9,Fanny Bay Oyster Bar,49.27860106769942,-123.1144109990253,Seafood Restaurant
628,49.279145,-123.11625900000001,4aa7dce2f964a520ad4d20e3,Medina Café,49.28056540642322,-123.11685919761656,Breakfast Spot
628,49.279145,-123.11625900000001,51a7a349454a2b1f0e2449f8,Homer St. Cafe and Bar,49.278591060474405,-123.11838476992322,Restaurant
628,49.279145,-123.11625900000001,5503b460498ec1e7474be716,Black Rice Izakaya,49.278541434016475,-123.11448809278369,Restaurant
628,49.279145,-123.11625900000001,4b75918bf964a520d4142ee3,JJ Bean,49.27938179808702,-123.11518086597503,Coffee Shop
628,49.279145,-123.11625900000001,536df916498e122752bc08a3,Hotel Blu,49.278342669044825,-123.11444104804278,Hotel
628,49.279145,-123.11625900000001,591782f22bf9a936de28c8d1,Paramount Fine Foods,49.280451539138795,-123.11858600825325,Lebanese Restaurant
628,49.279145,-123.11625900000001,4b5fa47ff964a52000c629e3,Japadog,49.280271906961346,-123.11825983307145,Hot Dog Joint
628,49.279145,-123.11625900000001,4b23212bf964a520a75324e3,Queen Elizabeth Theatre,49.280228950296475,-123.11273011968323,Theater
628,49.279145,-123.11625900000001,4ac17919f964a520479720e3,Orpheum Theatre,49.28010297415788,-123.12018430593969,Concert Hall
628,49.279145,-123.11625900000001,4aa733fbf964a520444c20e3,Commodore Ballroom,49.28068562197917,-123.12050972144668,Concert Hall
628,49.279145,-123.11625900000001,4aa6f277f964a520964b20e3,BC Place,49.27688607587165,-123.11227637637286,Stadium
628,49.279145,-123.11625900000001,4ab67ab9f964a520507720e3,Skoah,49.27687025872982,-123.1199196210468,Spa
628,49.279145,-123.11625900000001,56e71692498e78e8143f679d,Tacofino,49.276433,-123.119389,Taco Place
628,49.279145,-123.11625900000001,4aa7f22bf964a520214e20e3,Gotham Steakhouse & Cocktail Bar,49.28283023000359,-123.11586538996016,Steakhouse
628,49.279145,-123.11625900000001,55dfb29a498e25aa1af89152,Disney store,49.281689,-123.11985,Toy / Game Store
628,49.279145,-123.11625900000001,57e351fe498ea398546051b6,Nero Belgian Waffle Bar,49.278451,-123.122024,Dessert Shop
628,49.279145,-123.11625900000001,4fcbf990e4b09ba63c216a21,Abercrombie & Fitch,49.282273835204236,-123.11868545380594,Clothing Store
628,49.279145,-123.11625900000001,50574432e4b0e7a978f3c474,The Parlour,49.27673436926522,-123.12012815066782,Italian Restaurant
628,49.279145,-123.11625900000001,4b9fd80df964a520f04337e3,BC Sports Hall of Fame,49.27743820782065,-123.11230514791671,Museum
628,49.279145,-123.11625900000001,5445a54e498e9497033f48c4,Boston Pizza,49.27725900443614,-123.11426927666935,Pizza Place
628,49.279145,-123.11625900000001,4aa8005bf964a520a24e20e3,Chambar,49.279925416078164,-123.1100781115385,Belgian Restaurant
628,49.279145,-123.11625900000001,4aaed4f6f964a520796320e3,Harbour Dance Centre,49.2800743967742,-123.12186000799825,Dance Studio
628,49.279145,-123.11625900000001,4aa942d5f964a520ba5220e3,Blue Water Cafe + Raw Bar,49.27616536589696,-123.12110447015738,Seafood Restaurant
628,49.279145,-123.11625900000001,4aaabe01f964a5202b5720e3,Fresh Sushi,49.27557138170163,-123.11494473024044,Sushi Restaurant
628,49.279145,-123.11625900000001,5af8880a838e59002ce2d728,Angus T,49.275967,-123.119894,Bakery
628,49.279145,-123.11625900000001,4c5c3034bfa5952127826eff,Barre Fitness,49.27595804901435,-123.1199110557957,Yoga Studio
628,49.279145,-123.11625900000001,4b8a2c1cf964a520bd6232e3,Terry Fox Plaza,49.27726982610861,-123.11269419112965,Plaza
628,49.279145,-123.11625900000001,4bea1ec762c0c9280691e0d4,Exhale Yoga Pilates and Dance Studio,49.275451086772094,-123.11885361053963,Yoga Studio
628,49.279145,-123.11625900000001,4ab14cfaf964a520ef6820e3,Revolucion Cigars and Gifts,49.276098,-123.120047,Smoke Shop
628,49.279145,-123.11625900000001,5170656ae4b029a050dd8a49,The Keg Steakhouse + Bar - Dunsmuir,49.28343784084837,-123.11636252876394,Restaurant
628,49.279145,-123.11625900000001,546cfab4498e31fa52b38545,Small Victory Bakery,49.27651218171028,-123.12133631376243,Bakery
628,49.279145,-123.11625900000001,591669ac2bf9a936de3c4827,Banter Room,49.27620626788396,-123.11949580948055,Restaurant
628,49.279145,-123.11625900000001,4ab12dacf964a520566820e3,Shoppers Drug Mart,49.27704,-123.120025,Pharmacy
628,49.279145,-123.11625900000001,556564b2498e48d633bfe169,WildTale Coastal Grill,49.2758477539772,-123.12022129538646,Seafood Restaurant
628,49.279145,-123.11625900000001,4b705f16f964a52007162de3,Bombay Brow Bar,49.275878529171685,-123.12016769000832,Cosmetics Shop
628,49.279145,-123.11625900000001,4ab5b790f964a520ea7520e3,Vogue Theatre,49.279807197020915,-123.12159652755608,Performing Arts Venue
628,49.279145,-123.11625900000001,4af1f58cf964a520c8e421e3,YYoga Yaletown,49.276594897421525,-123.12054700840065,Yoga Studio
628,49.279145,-123.11625900000001,56528544498e8520771229fc,hungry guys,49.279320994572636,-123.12289526638855,Burrito Place
628,49.279145,-123.11625900000001,4aa7f799f964a5204c4e20e3,CF Pacific Centre,49.282744956530095,-123.11851615541963,Shopping Mall
628,49.279145,-123.11625900000001,4aabd7c1f964a520665a20e3,Tom Lee Music,49.27985705900661,-123.1223281556708,Music Store
628,49.279145,-123.11625900000001,5d01961c57a537002c8794da,Colony Bar Granville,49.27965,-123.12275,Bar
628,49.279145,-123.11625900000001,576c4083498e4989bae8764a,Peaceful Restaurant,49.28292966132952,-123.11542775031258,Chinese Restaurant
628,49.279145,-123.11625900000001,4aa7e05ef964a520cc4d20e3,Level Furnished Living,49.278126333206394,-123.12188186032952,Hotel
628,49.279145,-123.11625900000001,53f40d04498e6311b5e573ba,White Spot,49.28183696066967,-123.11360398830645,Burger Joint
6280,49.03091,-122.86764,4b9963e2f964a520df7735e3,Starbucks,49.03242,-122.867048,Coffee Shop
6280,49.03091,-122.86764,4b6e2ef4f964a52034b02ce3,Ocean Park Village Pub/Ocean Park Pizza & Steak House,49.03123229045375,-122.86669749526106,Pub
6280,49.03091,-122.86764,4ced6f0df368b1f7abef7af7,Subway,49.03163081708672,-122.86791138266005,Sandwich Place
6280,49.03091,-122.86764,4c7d6777724976b0c62da10a,RBC Royal Bank,49.03237167162508,-122.8671559107502,Bank
6280,49.03091,-122.86764,4b5e7fc9f964a520fc9029e3,Safeway Ocean Park,49.031905,-122.866391,Grocery Store
6280,49.03091,-122.86764,4b8ac7fbf964a520908032e3,COBS Bread,49.031739035901,-122.86548188881996,Bakery
6280,49.03091,-122.86764,4bfb16b9f214a593cac8ae0e,Chan's Produce,49.03109700751223,-122.86571212791264,Farmers Market
6280,49.03091,-122.86764,4be6eedfcf200f478a05153c,Morrison Cafe,49.03183292491799,-122.86568105220795,American Restaurant
6280,49.03091,-122.86764,4b9ed8c9f964a520f50537e3,Delrio's,49.03267309071187,-122.8681862189161,Pizza Place
6280,49.03091,-122.86764,4c7efd2cfb13a1cdb4839fa4,Panago Pizza,49.03131292833324,-122.86639765633907,Pizza Place
6280,49.03091,-122.86764,4d1a5409d6db8cfa14f4feef,Ocean Park Shopping Centre,49.03175138920223,-122.86635562886569,Shopping Mall
6280,49.03091,-122.86764,4dd5c95ed1647fcf3e23412c,Sakuya Sushi,49.031200862850724,-122.86780545980125,Sushi Restaurant
6280,49.03091,-122.86764,4f12193fe4b000502ccb0347,BC Liquor store,49.032002440093066,-122.86514055366685,Liquor Store
6280,49.03091,-122.86764,4b877822f964a52027c031e3,1001 Steps,49.030608950364154,-122.87362575531006,Trail
6281,49.028897,-122.867618,4b9963e2f964a520df7735e3,Starbucks,49.03242,-122.867048,Coffee Shop
6281,49.028897,-122.867618,4b6e2ef4f964a52034b02ce3,Ocean Park Village Pub/Ocean Park Pizza & Steak House,49.03123229045375,-122.86669749526106,Pub
6281,49.028897,-122.867618,4ced6f0df368b1f7abef7af7,Subway,49.03163081708672,-122.86791138266005,Sandwich Place
6281,49.028897,-122.867618,4c7d6777724976b0c62da10a,RBC Royal Bank,49.03237167162508,-122.8671559107502,Bank
6281,49.028897,-122.867618,4b5e7fc9f964a520fc9029e3,Safeway Ocean Park,49.031905,-122.866391,Grocery Store
6281,49.028897,-122.867618,4dd5c95ed1647fcf3e23412c,Sakuya Sushi,49.031200862850724,-122.86780545980125,Sushi Restaurant
6281,49.028897,-122.867618,4bfb16b9f214a593cac8ae0e,Chan's Produce,49.03109700751223,-122.86571212791264,Farmers Market
6281,49.028897,-122.867618,4c7efd2cfb13a1cdb4839fa4,Panago Pizza,49.03131292833324,-122.86639765633907,Pizza Place
6281,49.028897,-122.867618,4d1a5409d6db8cfa14f4feef,Ocean Park Shopping Centre,49.03175138920223,-122.86635562886569,Shopping Mall
6281,49.028897,-122.867618,4b8ac7fbf964a520908032e3,COBS Bread,49.031739035901,-122.86548188881996,Bakery
6281,49.028897,-122.867618,4be6eedfcf200f478a05153c,Morrison Cafe,49.03183292491799,-122.86568105220795,American Restaurant
6281,49.028897,-122.867618,4f12193fe4b000502ccb0347,BC Liquor store,49.032002440093066,-122.86514055366685,Liquor Store
6281,49.028897,-122.867618,4b9ed8c9f964a520f50537e3,Delrio's,49.03267309071187,-122.8681862189161,Pizza Place
6281,49.028897,-122.867618,4b877822f964a52027c031e3,1001 Steps,49.030608950364154,-122.87362575531006,Trail
6282,49.027164,-122.865876,4b6e2ef4f964a52034b02ce3,Ocean Park Village Pub/Ocean Park Pizza & Steak House,49.03123229045375,-122.86669749526106,Pub
6282,49.027164,-122.865876,4bfb16b9f214a593cac8ae0e,Chan's Produce,49.03109700751223,-122.86571212791264,Farmers Market
6282,49.027164,-122.865876,4c7efd2cfb13a1cdb4839fa4,Panago Pizza,49.03131292833324,-122.86639765633907,Pizza Place
6282,49.027164,-122.865876,4dd5c95ed1647fcf3e23412c,Sakuya Sushi,49.031200862850724,-122.86780545980125,Sushi Restaurant
6283,49.027146,-122.863722,4bfb16b9f214a593cac8ae0e,Chan's Produce,49.03109700751223,-122.86571212791264,Farmers Market
6284,49.026682,-122.85891200000002,5bd2515689b06a002c92756b,Canadian Garage Door Repair Surrey,49.02766847464262,-122.85786509513855,Home Service
6285,49.026841999999995,-122.853771,5bd2515689b06a002c92756b,Canadian Garage Door Repair Surrey,49.02766847464262,-122.85786509513855,Home Service
6286,49.026924,-122.85129599999999,5bd2515689b06a002c92756b,Canadian Garage Door Repair Surrey,49.02766847464262,-122.85786509513855,Home Service
6287,49.02702,-122.84800800000001,53aedf44498e1d9ef5dedda9,Wired Monk Coffee Bistro,49.03129695112748,-122.84666542629932,Café
6287,49.02702,-122.84800800000001,5dffd46bd27f0a000816025a,Koco Espresso,49.031296,-122.846264,Coffee Shop
6288,49.027101,-122.84585700000001,5dffd46bd27f0a000816025a,Koco Espresso,49.031296,-122.846264,Coffee Shop
6288,49.027101,-122.84585700000001,53aedf44498e1d9ef5dedda9,Wired Monk Coffee Bistro,49.03129695112748,-122.84666542629932,Café
6290,49.027482,-122.833914,5a8766f3b399f760c5a1883a,Website Design Brand,49.027204173116765,-122.83189058303833,IT Services
6290,49.027482,-122.833914,4c25aa9ec9bbef3b3182afac,Mac's,49.0313707,-122.8346447,Convenience Store
6291,49.026624,-122.830266,5a8766f3b399f760c5a1883a,Website Design Brand,49.027204173116765,-122.83189058303833,IT Services
6291,49.026624,-122.830266,4e4bd2bf1f6e2a789a8c2f24,Bus Stop 56230 (C51),49.02753481252623,-122.83441185951231,Bus Station
6291,49.026624,-122.830266,560c1f19498e5ac804813022,Samra Bros Roofing Ltd,49.027823,-122.825806,Construction & Landscaping
6292,49.026278000000005,-122.826124,560c1f19498e5ac804813022,Samra Bros Roofing Ltd,49.027823,-122.825806,Construction & Landscaping
6292,49.026278000000005,-122.826124,582859c570fc4206605aaa98,The Curtain Call Custom Interiors,49.025684610558855,-122.82321095466612,Home Service
6292,49.026278000000005,-122.826124,5a8766f3b399f760c5a1883a,Website Design Brand,49.027204173116765,-122.83189058303833,IT Services
6293,49.026055,-122.82478700000001,582859c570fc4206605aaa98,The Curtain Call Custom Interiors,49.025684610558855,-122.82321095466612,Home Service
6293,49.026055,-122.82478700000001,560c1f19498e5ac804813022,Samra Bros Roofing Ltd,49.027823,-122.825806,Construction & Landscaping
6293,49.026055,-122.82478700000001,4fe694f2e4b045277f4ed1bc,White Rock Trails,49.02483845825088,-122.81818181752942,Trail
6294,49.024752,-122.818651,4fe694f2e4b045277f4ed1bc,White Rock Trails,49.02483845825088,-122.81818181752942,Trail
6295,49.024190999999995,-122.815496,4be769672457a5939ff7ad15,White Rock Strip,49.02255999372002,-122.81016204804217,Waterfront
6295,49.024190999999995,-122.815496,4be48f20bcef2d7f48ba02e5,Cosmos,49.02266417187954,-122.81011821323744,Greek Restaurant
6295,49.024190999999995,-122.815496,4b9d48eef964a52020a036e3,Whitby's Coffee,49.02305824241884,-122.81142327410524,Café
6295,49.024190999999995,-122.815496,4fe694f2e4b045277f4ed1bc,White Rock Trails,49.02483845825088,-122.81818181752942,Trail
6295,49.024190999999995,-122.815496,4c4a0b8e712ac92851efdf6a,West Beach Bar & Grill,49.02280012329492,-122.8104812234894,Seafood Restaurant
6296,49.023367,-122.812699,4be769672457a5939ff7ad15,White Rock Strip,49.02255999372002,-122.81016204804217,Waterfront
6296,49.023367,-122.812699,4be48f20bcef2d7f48ba02e5,Cosmos,49.02266417187954,-122.81011821323744,Greek Restaurant
6296,49.023367,-122.812699,4bef02b52ff520a1e8fae7a2,The Boathouse Restaurant,49.022285,-122.808391,Seafood Restaurant
6296,49.023367,-122.812699,4b9d48eef964a52020a036e3,Whitby's Coffee,49.02305824241884,-122.81142327410524,Café
6296,49.023367,-122.812699,5161b0db526209f670008f44,Oceanside Public House,49.02161034058259,-122.80675500406379,Gastropub
6296,49.023367,-122.812699,4c4a0b8e712ac92851efdf6a,West Beach Bar & Grill,49.02280012329492,-122.8104812234894,Seafood Restaurant
6296,49.023367,-122.812699,4fbfd8d9e4b0a6eab8fa568b,The White Coffee & Ice Cream,49.022297147049365,-122.80869723333547,Coffee Shop
6296,49.023367,-122.812699,4c608537832fa593a2e8efd3,Freshslice Pizza,49.02250601106887,-122.80857388733557,Pizza Place
6296,49.023367,-122.812699,4bb7e23098c7ef3b18873002,White Mountain Homemade Ice Cream,49.022325001629284,-122.80858897638191,Ice Cream Shop
6296,49.023367,-122.812699,4bcde7bf8920b713a985a0dc,White Rock Museum and Archives,49.02166,-122.807303,Museum
6296,49.023367,-122.812699,4b524d83f964a520f57527e3,Charlie Don't Surf,49.021599984392154,-122.80656124400434,American Restaurant
6296,49.023367,-122.812699,4de54b84d4c09fc98b64cd98,Cones Creamery,49.021812175602406,-122.80762991074734,Dessert Shop
6296,49.023367,-122.812699,4fe694f2e4b045277f4ed1bc,White Rock Trails,49.02483845825088,-122.81818181752942,Trail
6296,49.023367,-122.812699,4f5414afe4b0b5d9df5adcf9,Jan's On The Beach,49.02172576553228,-122.80706031386799,Breakfast Spot
6297,49.022584,-122.810074,4be769672457a5939ff7ad15,White Rock Strip,49.02255999372002,-122.81016204804217,Waterfront
6297,49.022584,-122.810074,4be764892457a59306f2ad15,White Rock Beach,49.02116159362738,-122.80564928828043,Beach
6297,49.022584,-122.810074,4affb286f964a520ec3922e3,White Rock Pier,49.02145287742777,-122.80584114460052,Other Great Outdoors
6297,49.022584,-122.810074,4b8f37dff964a520324e33e3,Uli's Restaurant,49.02136881533056,-122.80594270120199,Restaurant
6297,49.022584,-122.810074,4b7dd38af964a52013d72fe3,Dolce Gelato,49.02128145837518,-122.80571256869347,Ice Cream Shop
6297,49.022584,-122.810074,4be48f20bcef2d7f48ba02e5,Cosmos,49.02266417187954,-122.81011821323744,Greek Restaurant
6297,49.022584,-122.810074,4bef02b52ff520a1e8fae7a2,The Boathouse Restaurant,49.022285,-122.808391,Seafood Restaurant
6297,49.022584,-122.810074,4d61c0ec71f38eecf50d5b21,Dew Drop Inn,49.02108887140455,-122.80504073286532,Food & Drink Shop
6297,49.022584,-122.810074,4b9d48eef964a52020a036e3,Whitby's Coffee,49.02305824241884,-122.81142327410524,Café
6297,49.022584,-122.810074,4bc921c1fb84c9b6a9a51a3e,Cielo's,49.021006453293474,-122.80511533675025,Tapas Restaurant
6297,49.022584,-122.810074,4c241925f7ced13ae564226d,Five Doors Down,49.021246003226565,-122.80566373696163,Tapas Restaurant
6297,49.022584,-122.810074,5161b0db526209f670008f44,Oceanside Public House,49.02161034058259,-122.80675500406379,Gastropub
6297,49.022584,-122.810074,4bcde7bf8920b713a985a0dc,White Rock Museum and Archives,49.02166,-122.807303,Museum
6297,49.022584,-122.810074,4b524d83f964a520f57527e3,Charlie Don't Surf,49.021599984392154,-122.80656124400434,American Restaurant
6297,49.022584,-122.810074,4fbfd8d9e4b0a6eab8fa568b,The White Coffee & Ice Cream,49.022297147049365,-122.80869723333547,Coffee Shop
6297,49.022584,-122.810074,4de54b84d4c09fc98b64cd98,Cones Creamery,49.021812175602406,-122.80762991074734,Dessert Shop
6297,49.022584,-122.810074,4c608537832fa593a2e8efd3,Freshslice Pizza,49.02250601106887,-122.80857388733557,Pizza Place
6297,49.022584,-122.810074,4bb7e23098c7ef3b18873002,White Mountain Homemade Ice Cream,49.022325001629284,-122.80858897638191,Ice Cream Shop
6297,49.022584,-122.810074,4c4a0b8e712ac92851efdf6a,West Beach Bar & Grill,49.02280012329492,-122.8104812234894,Seafood Restaurant
6297,49.022584,-122.810074,4f5414afe4b0b5d9df5adcf9,Jan's On The Beach,49.02172576553228,-122.80706031386799,Breakfast Spot
6297,49.022584,-122.810074,4b301539f964a520c4f524e3,Shinjuku,49.02151,-122.806277,Japanese Restaurant
6297,49.022584,-122.810074,4c0ec4617189c928310ad9b6,Dock's Fish & Chips,49.021028,-122.8053,Fish & Chips Shop
6297,49.022584,-122.810074,4aebba27f964a52098c421e3,Little India,49.02109314386806,-122.80465043446172,Indian Restaurant
6298,49.021811,-122.807478,4be769672457a5939ff7ad15,White Rock Strip,49.02255999372002,-122.81016204804217,Waterfront
6298,49.021811,-122.807478,4be764892457a59306f2ad15,White Rock Beach,49.02116159362738,-122.80564928828043,Beach
6298,49.021811,-122.807478,4affb286f964a520ec3922e3,White Rock Pier,49.02145287742777,-122.80584114460052,Other Great Outdoors
6298,49.021811,-122.807478,4b8f37dff964a520324e33e3,Uli's Restaurant,49.02136881533056,-122.80594270120199,Restaurant
6298,49.021811,-122.807478,4b7dd38af964a52013d72fe3,Dolce Gelato,49.02128145837518,-122.80571256869347,Ice Cream Shop
6298,49.021811,-122.807478,4be48f20bcef2d7f48ba02e5,Cosmos,49.02266417187954,-122.81011821323744,Greek Restaurant
6298,49.021811,-122.807478,4d61c0ec71f38eecf50d5b21,Dew Drop Inn,49.02108887140455,-122.80504073286532,Food & Drink Shop
6298,49.021811,-122.807478,4bef02b52ff520a1e8fae7a2,The Boathouse Restaurant,49.022285,-122.808391,Seafood Restaurant
6298,49.021811,-122.807478,4bc921c1fb84c9b6a9a51a3e,Cielo's,49.021006453293474,-122.80511533675025,Tapas Restaurant
6298,49.021811,-122.807478,4c241925f7ced13ae564226d,Five Doors Down,49.021246003226565,-122.80566373696163,Tapas Restaurant
6298,49.021811,-122.807478,5161b0db526209f670008f44,Oceanside Public House,49.02161034058259,-122.80675500406379,Gastropub
6298,49.021811,-122.807478,4b9d48eef964a52020a036e3,Whitby's Coffee,49.02305824241884,-122.81142327410524,Café
6298,49.021811,-122.807478,4b524d83f964a520f57527e3,Charlie Don't Surf,49.021599984392154,-122.80656124400434,American Restaurant
6298,49.021811,-122.807478,4bcde7bf8920b713a985a0dc,White Rock Museum and Archives,49.02166,-122.807303,Museum
6298,49.021811,-122.807478,4fbfd8d9e4b0a6eab8fa568b,The White Coffee & Ice Cream,49.022297147049365,-122.80869723333547,Coffee Shop
6298,49.021811,-122.807478,4c0ec4617189c928310ad9b6,Dock's Fish & Chips,49.021028,-122.8053,Fish & Chips Shop
6298,49.021811,-122.807478,4de54b84d4c09fc98b64cd98,Cones Creamery,49.021812175602406,-122.80762991074734,Dessert Shop
6298,49.021811,-122.807478,4c608537832fa593a2e8efd3,Freshslice Pizza,49.02250601106887,-122.80857388733557,Pizza Place
6298,49.021811,-122.807478,4b301539f964a520c4f524e3,Shinjuku,49.02151,-122.806277,Japanese Restaurant
6298,49.021811,-122.807478,4c2fa2d6452620a1c2e71d0f,Seaside Scoops,49.02244429025461,-122.80969895369383,Dessert Shop
6298,49.021811,-122.807478,4bb7e23098c7ef3b18873002,White Mountain Homemade Ice Cream,49.022325001629284,-122.80858897638191,Ice Cream Shop
6298,49.021811,-122.807478,4f5414afe4b0b5d9df5adcf9,Jan's On The Beach,49.02172576553228,-122.80706031386799,Breakfast Spot
6298,49.021811,-122.807478,4aebba27f964a52098c421e3,Little India,49.02109314386806,-122.80465043446172,Indian Restaurant
6298,49.021811,-122.807478,4c4a0b8e712ac92851efdf6a,West Beach Bar & Grill,49.02280012329492,-122.8104812234894,Seafood Restaurant
6298,49.021811,-122.807478,51534b7be4b0d3abff9359ce,West Beach White Rock,49.02441513799201,-122.80207889845536,Beach
6299,49.020745,-122.803855,4be764892457a59306f2ad15,White Rock Beach,49.02116159362738,-122.80564928828043,Beach
6299,49.020745,-122.803855,4affb286f964a520ec3922e3,White Rock Pier,49.02145287742777,-122.80584114460052,Other Great Outdoors
6299,49.020745,-122.803855,4b8f37dff964a520324e33e3,Uli's Restaurant,49.02136881533056,-122.80594270120199,Restaurant
6299,49.020745,-122.803855,4b7dd38af964a52013d72fe3,Dolce Gelato,49.02128145837518,-122.80571256869347,Ice Cream Shop
6299,49.020745,-122.803855,592c73db33627333069b6e44,Laura's Coffee Shop,49.023272,-122.799314,Café
6299,49.020745,-122.803855,4c3d0a8fb169c9b671984668,Taka's Sushi,49.02365070126867,-122.80051527799138,Japanese Restaurant
6299,49.020745,-122.803855,4cdc96cf958f236ac4a4b303,Emilio Finatti,49.02349577426599,-122.8000904736715,Pizza Place
6299,49.020745,-122.803855,4d61c0ec71f38eecf50d5b21,Dew Drop Inn,49.02108887140455,-122.80504073286532,Food & Drink Shop
6299,49.020745,-122.803855,4bc921c1fb84c9b6a9a51a3e,Cielo's,49.021006453293474,-122.80511533675025,Tapas Restaurant
6299,49.020745,-122.803855,4d669229153ba0936113ebf8,Laura's Coffee Corner,49.023239,-122.799434,Coffee Shop
6299,49.020745,-122.803855,5776c6cb498e61cc05b1a1af,Islands Cafe,49.024628,-122.80123,Café
6299,49.020745,-122.803855,4c241925f7ced13ae564226d,Five Doors Down,49.021246003226565,-122.80566373696163,Tapas Restaurant
6299,49.020745,-122.803855,4bef02b52ff520a1e8fae7a2,The Boathouse Restaurant,49.022285,-122.808391,Seafood Restaurant
6299,49.020745,-122.803855,5161b0db526209f670008f44,Oceanside Public House,49.02161034058259,-122.80675500406379,Gastropub
6299,49.020745,-122.803855,4b524d83f964a520f57527e3,Charlie Don't Surf,49.021599984392154,-122.80656124400434,American Restaurant
6299,49.020745,-122.803855,4b480407f964a520634626e3,Onyx Steakhouse,49.02434054856091,-122.80140642588277,Steakhouse
6299,49.020745,-122.803855,4bcde7bf8920b713a985a0dc,White Rock Museum and Archives,49.02166,-122.807303,Museum
6299,49.020745,-122.803855,4c0ec4617189c928310ad9b6,Dock's Fish & Chips,49.021028,-122.8053,Fish & Chips Shop
6299,49.020745,-122.803855,4b301539f964a520c4f524e3,Shinjuku,49.02151,-122.806277,Japanese Restaurant
6299,49.020745,-122.803855,4aebba27f964a52098c421e3,Little India,49.02109314386806,-122.80465043446172,Indian Restaurant
6299,49.020745,-122.803855,4f5414afe4b0b5d9df5adcf9,Jan's On The Beach,49.02172576553228,-122.80706031386799,Breakfast Spot
6299,49.020745,-122.803855,4de54b84d4c09fc98b64cd98,Cones Creamery,49.021812175602406,-122.80762991074734,Dessert Shop
6299,49.020745,-122.803855,4fbfd8d9e4b0a6eab8fa568b,The White Coffee & Ice Cream,49.022297147049365,-122.80869723333547,Coffee Shop
6299,49.020745,-122.803855,4bb7e23098c7ef3b18873002,White Mountain Homemade Ice Cream,49.022325001629284,-122.80858897638191,Ice Cream Shop
6299,49.020745,-122.803855,4c608537832fa593a2e8efd3,Freshslice Pizza,49.02250601106887,-122.80857388733557,Pizza Place
6299,49.020745,-122.803855,51534b7be4b0d3abff9359ce,West Beach White Rock,49.02441513799201,-122.80207889845536,Beach
6299,49.020745,-122.803855,4c2fa2d6452620a1c2e71d0f,Seaside Scoops,49.02244429025461,-122.80969895369383,Dessert Shop
63,49.268707,-123.168204,57a58607498e40faba10a1f6,The Only Cafe,49.26819659535481,-123.16553592681885,Café
63,49.268707,-123.168204,53fa3410498ebfcd2a2f97d2,Linh Cafe,49.26823664203513,-123.16906019476568,Breakfast Spot
63,49.268707,-123.168204,5810f05238faa94dbabd4542,Cafe Lokal,49.26817419279799,-123.16470980644225,Coffee Shop
63,49.268707,-123.168204,4ba03e6cf964a520dc6337e3,Nick Sushi,49.268447,-123.170643,Sushi Restaurant
63,49.268707,-123.168204,4aabfb4af964a520625b20e3,Darby's Public House,49.268337312773575,-123.16838263480477,Pub
63,49.268707,-123.168204,4fc03edae4b00dd50dfcafbd,Bangkok City Cafe,49.26847513644915,-123.17064552969958,Thai Restaurant
63,49.268707,-123.168204,4aa7d91ef964a520944d20e3,The Naam Restaurant,49.26830060746881,-123.16704878650626,Vegetarian / Vegan Restaurant
63,49.268707,-123.168204,4ab55ce2f964a520337420e3,Drexoll Games,49.26842373281651,-123.16992792774907,Toy / Game Store
63,49.268707,-123.168204,505d3c21e4b06d1d2af233e4,Dark Table,49.26832206854146,-123.16466298024143,Restaurant
63,49.268707,-123.168204,4dd1e9e51838a751964f9c00,Volunteer Park,49.27132694625529,-123.16943740335185,Park
63,49.268707,-123.168204,4fa03d00e4b0829ddef429d9,Guanaco Salvadoran Cuisine food truck,49.26825059811553,-123.16174864407195,Food Truck
63,49.268707,-123.168204,4cacea4a44a8224b718e3740,Starbucks,49.264429,-123.167172,Coffee Shop
63,49.268707,-123.168204,4fb7ddabe4b0d5ed259e60a8,Blaq Sheep Coffee House,49.26850802191574,-123.17096531379931,Café
63,49.268707,-123.168204,4c47a337972c0f4766962421,Darby's Cold Beer and Wine,49.26818872634896,-123.16829697891644,Liquor Store
63,49.268707,-123.168204,4b74cb3af964a52063f22de3,Jolly's Indian Bistro,49.26840095849317,-123.17071819065573,Indian Restaurant
63,49.268707,-123.168204,4c00451292a6c9289cf343e2,RBC Royal Bank,49.264295071486096,-123.16805864387028,Bank
63,49.268707,-123.168204,589f753f0bc55b3d82b664df,Nusa Coffee,49.269135,-123.1661,Coffee Shop
63,49.268707,-123.168204,4d223d44e56f6ea8e19a831d,No Pirates Allowed,49.268340242805316,-123.16730056585152,Toy / Game Store
63,49.268707,-123.168204,4c295edeed0ac9b68dc661aa,Big Johnny's Pizza House,49.268409,-123.168961,Pizza Place
63,49.268707,-123.168204,4fbc2fec00395f70f1db96a2,Royal Feet,49.268411362819116,-123.17025513978653,Spa
63,49.268707,-123.168204,4aedfc6ff964a520e2d021e3,Great West Coin Laundromat,49.26852033452453,-123.17081224936602,Laundromat
63,49.268707,-123.168204,4ac10f4df964a5209f9520e3,Raviolino,49.268443,-123.168728,Italian Restaurant
63,49.268707,-123.168204,4c7a9fa93badb1f735b45254,Tatlow Park,49.27048759460537,-123.16962282825102,Park
63,49.268707,-123.168204,4b5d461cf964a5205e5829e3,Q4 Ristorante,49.268349,-123.16474078750001,Italian Restaurant
63,49.268707,-123.168204,4b4651f0f964a520811d26e3,Margaret Pigott Park,49.27187790141604,-123.16758489017339,Park
6300,49.019905,-122.800901,4be764892457a59306f2ad15,White Rock Beach,49.02116159362738,-122.80564928828043,Beach
6300,49.019905,-122.800901,592c73db33627333069b6e44,Laura's Coffee Shop,49.023272,-122.799314,Café
6300,49.019905,-122.800901,4affb286f964a520ec3922e3,White Rock Pier,49.02145287742777,-122.80584114460052,Other Great Outdoors
6300,49.019905,-122.800901,4b8f37dff964a520324e33e3,Uli's Restaurant,49.02136881533056,-122.80594270120199,Restaurant
6300,49.019905,-122.800901,4b7dd38af964a52013d72fe3,Dolce Gelato,49.02128145837518,-122.80571256869347,Ice Cream Shop
6300,49.019905,-122.800901,4c3d0a8fb169c9b671984668,Taka's Sushi,49.02365070126867,-122.80051527799138,Japanese Restaurant
6300,49.019905,-122.800901,4cdc96cf958f236ac4a4b303,Emilio Finatti,49.02349577426599,-122.8000904736715,Pizza Place
6300,49.019905,-122.800901,4d669229153ba0936113ebf8,Laura's Coffee Corner,49.023239,-122.799434,Coffee Shop
6300,49.019905,-122.800901,4d61c0ec71f38eecf50d5b21,Dew Drop Inn,49.02108887140455,-122.80504073286532,Food & Drink Shop
6300,49.019905,-122.800901,4bc921c1fb84c9b6a9a51a3e,Cielo's,49.021006453293474,-122.80511533675025,Tapas Restaurant
6300,49.019905,-122.800901,4c241925f7ced13ae564226d,Five Doors Down,49.021246003226565,-122.80566373696163,Tapas Restaurant
6300,49.019905,-122.800901,5161b0db526209f670008f44,Oceanside Public House,49.02161034058259,-122.80675500406379,Gastropub
6300,49.019905,-122.800901,4b480407f964a520634626e3,Onyx Steakhouse,49.02434054856091,-122.80140642588277,Steakhouse
6300,49.019905,-122.800901,4aebba27f964a52098c421e3,Little India,49.02109314386806,-122.80465043446172,Indian Restaurant
6300,49.019905,-122.800901,4c0ec4617189c928310ad9b6,Dock's Fish & Chips,49.021028,-122.8053,Fish & Chips Shop
6300,49.019905,-122.800901,4b524d83f964a520f57527e3,Charlie Don't Surf,49.021599984392154,-122.80656124400434,American Restaurant
6300,49.019905,-122.800901,4b301539f964a520c4f524e3,Shinjuku,49.02151,-122.806277,Japanese Restaurant
6300,49.019905,-122.800901,4f5414afe4b0b5d9df5adcf9,Jan's On The Beach,49.02172576553228,-122.80706031386799,Breakfast Spot
6301,49.019037,-122.79808600000001,4b1c331bf964a520200424e3,Moby Dick Seafood Restaurant,49.01771376269569,-122.79368303924987,Seafood Restaurant
6301,49.019037,-122.79808600000001,592c73db33627333069b6e44,Laura's Coffee Shop,49.023272,-122.799314,Café
6301,49.019037,-122.79808600000001,4d669229153ba0936113ebf8,Laura's Coffee Corner,49.023239,-122.799434,Coffee Shop
6301,49.019037,-122.79808600000001,4baa4259f964a52077583ae3,Poultry In Motion,49.017474,-122.7933897,Breakfast Spot
6301,49.019037,-122.79808600000001,4bbff45b74a9a593f47ccff6,Coney Island Fish & Chips,49.01765348132202,-122.79348935900161,Fish & Chips Shop
6301,49.019037,-122.79808600000001,4c2d4084987f20a1443549aa,Montgomery's Cottage Lunch - Fish And Chips,49.017252,-122.791923,Fish & Chips Shop
6301,49.019037,-122.79808600000001,4be61f042457a593688bac15,Kahunas Fish & Chips,49.01740409580156,-122.79255867004395,Fish & Chips Shop
